repository	pr_number	state	draft	head_sha	base_branch	base_sha	url
tailrocks/velnor	948	open	true	ab82b08746ec312558981f8461a32a1e3350d802	main	c2883fb3b1545127e89f290d853dd286e1ce805c	https://github.com/tailrocks/velnor/pull/948
tailrocks/velnor	952	open	false	a5c1c0bd5c92c4c52d58ccb21042b1b2c0b08637	main	3123f8ae63a1fe98fe1d4dc86fb25b212defcd59	https://github.com/tailrocks/velnor/pull/952
tailrocks/velnor	953	open	false	af31b644aa01eb352ba6240fca957e900174d067	main	abe9ad82a2d4d01b706bbc6122ab6ccb150faad9	https://github.com/tailrocks/velnor/pull/953
tailrocks/velnor	954	open	false	f16592ea165ced141bf0bb1c43466a95d7df8b2e	codex/s2-desktop-task-release	8964876f6b6b6eca624b2fb26f7eff1d5dc5d575	https://github.com/tailrocks/velnor/pull/954
tailrocks/velnor-apt	224	open	false	58c29949c012a635b05d3d3469e9c558456e0d78	main	64047d822a8c9ac33eedfe37a0a920a494965cc3	https://github.com/tailrocks/velnor-apt/pull/224
tailrocks/velnor-apt	225	open	false	d5f1dc73e1b069ce02b6095b5d8783086f75cf78	main	64047d822a8c9ac33eedfe37a0a920a494965cc3	https://github.com/tailrocks/velnor-apt/pull/225
tailrocks/velnor-apt	227	open	false	61f97d506637d8d517d487c73b6a3d188feb0a5b	main	12669a519ecb35a64e3a6c584f4178ecb7be6d50	https://github.com/tailrocks/velnor-apt/pull/227
tailrocks/parallax	109	open	true	93cee3556b3bf08c9ba38a43aace43312c233c0a	main	6a12bf47a816b63e848b563aaa45ef9694159c79	https://github.com/tailrocks/parallax/pull/109
tailrocks/parallax	110	open	true	de3fd1c7d347ec8cc98bf4f811b73ec639506236	main	6a12bf47a816b63e848b563aaa45ef9694159c79	https://github.com/tailrocks/parallax/pull/110
tailrocks/parallax	111	open	false	6fcc10be6409e73cfb5e9eeb7eb48dbaadbec05d	main	6a12bf47a816b63e848b563aaa45ef9694159c79	https://github.com/tailrocks/parallax/pull/111
tailrocks/homebrew-holla	139	open	false	3417b0dfcbea8012b16e1df7accabdcc65fe472d	main	693201c271a63fb4feb8a140ad856b8b1d559bb5	https://github.com/tailrocks/homebrew-holla/pull/139
tailrocks/homebrew-holla	142	open	false	6d99218e94de4be7280e26ec642fbdf3f5773555	main	693201c271a63fb4feb8a140ad856b8b1d559bb5	https://github.com/tailrocks/homebrew-holla/pull/142
tailrocks/holla-apt	75	open	false	656321c1b2c622c6b0ce3b328639c92fe7af5a11	main	6c8c3275e24a6169aab550f96c1f442572c02625	https://github.com/tailrocks/holla-apt/pull/75
tailrocks/holla-apt	78	open	false	d2cc7b899d1ddbc6b64f6bebddc3df7577a7c045	main	e1361d305733b0c559fb7152cee05f0e8853102d	https://github.com/tailrocks/holla-apt/pull/78
tailrocks/holla-apt	80	open	false	13bdcc9759943194181edecb22d59c11442619f5	main	6c8c3275e24a6169aab550f96c1f442572c02625	https://github.com/tailrocks/holla-apt/pull/80
tailrocks/holla-apt	82	open	false	cb22936ba2628b6c74e4a073f260f9b4b1f3a579	main	6f0c97e961568df6d1fb0cd0efe88a229e3fd386	https://github.com/tailrocks/holla-apt/pull/82
tailrocks/holla	197	open	false	ff0380b60f0d421d613415058e31f38a04d093e7	main	fca7d0cc41e139014900e1876a4ab30f126cddda	https://github.com/tailrocks/holla/pull/197
tailrocks/holla	198	open	false	78bef1342e78be846b2f6a671575f0862e863b1e	main	fca7d0cc41e139014900e1876a4ab30f126cddda	https://github.com/tailrocks/holla/pull/198
tailrocks/holla	199	open	false	302aa82b97ffc9a19c9f7754ab847fc85af7adf5	main	fca7d0cc41e139014900e1876a4ab30f126cddda	https://github.com/tailrocks/holla/pull/199
tailrocks/holla	200	open	false	7fa500bfed3a8a674f98e2e26748886ba463b3a0	main	fca7d0cc41e139014900e1876a4ab30f126cddda	https://github.com/tailrocks/holla/pull/200
tailrocks/holla	201	open	false	0ac85d5f48c9cee4777c4e9ffa5023ce747f543b	main	fca7d0cc41e139014900e1876a4ab30f126cddda	https://github.com/tailrocks/holla/pull/201
tailrocks/holla	202	open	false	560b51105c76c7f90673989b06843b091a51a90a	main	fca7d0cc41e139014900e1876a4ab30f126cddda	https://github.com/tailrocks/holla/pull/202
tailrocks/holla	203	open	false	da506eec7455a3ddf2559bea3aca1e223b4619f0	main	fca7d0cc41e139014900e1876a4ab30f126cddda	https://github.com/tailrocks/holla/pull/203
tailrocks/holla	204	open	false	ffd1b8b396469fd3bbdaa1f9d19d40d1d81cab2f	main	fca7d0cc41e139014900e1876a4ab30f126cddda	https://github.com/tailrocks/holla/pull/204
tailrocks/holla	205	open	false	198b53881d1a51d3140a92c9c73f62c9fc2bdbd7	main	fca7d0cc41e139014900e1876a4ab30f126cddda	https://github.com/tailrocks/holla/pull/205
jackin-project/jackin	975	open	false	50576297e7ec4131608ac1a446f86a84d0af43de	main	05bbbda7a7dc0c450c8e82b6308c63ff722827ce	https://github.com/jackin-project/jackin/pull/975
jackin-project/jackin	1002	open	false	67be01c9d112b005c2d029062aca5ee1688c96e1	main	665f7e3735c1f76ce5ee8a9e27c676381a474cfb	https://github.com/jackin-project/jackin/pull/1002
jackin-project/jackin-agent-smith	181	open	false	842b9519f067f22e1ee5c639b03eb01db96696d7	main	fe81191e5d08bd63265da37fa2557c769f825943	https://github.com/jackin-project/jackin-agent-smith/pull/181
jackin-project/jackin-agent-smith	182	open	false	52b07df8c81fe8cf277f8b7da5fce3905da530c7	main	fe81191e5d08bd63265da37fa2557c769f825943	https://github.com/jackin-project/jackin-agent-smith/pull/182
jackin-project/jackin-agent-smith	183	open	false	4d87e333a3b52693d1d04319571752855cb52885	main	c34ffdb522e0bf2e23ec041716760a2916a61b0c	https://github.com/jackin-project/jackin-agent-smith/pull/183
jackin-project/jackin-agent-smith	184	open	false	0049e6025849c538949143755c840a3e80507a2f	main	fe81191e5d08bd63265da37fa2557c769f825943	https://github.com/jackin-project/jackin-agent-smith/pull/184
jackin-project/jackin-agent-smith	188	open	false	5589b0460d388884e990b3c721e40a5498e53b69	main	c34ffdb522e0bf2e23ec041716760a2916a61b0c	https://github.com/jackin-project/jackin-agent-smith/pull/188
jackin-project/jackin-agent-smith	189	open	false	84996698e3ae2eef36c9054a65fcb44f097cd67b	main	c34ffdb522e0bf2e23ec041716760a2916a61b0c	https://github.com/jackin-project/jackin-agent-smith/pull/189
jackin-project/jackin-agent-smith	190	open	false	3b799438fb64e1877bbb10701b7bb4296b6eaf9d	main	c34ffdb522e0bf2e23ec041716760a2916a61b0c	https://github.com/jackin-project/jackin-agent-smith/pull/190
jackin-project/jackin-agent-smith	191	open	false	f4ff5a6c53459e57853454d214a8f1e08cae8131	main	c34ffdb522e0bf2e23ec041716760a2916a61b0c	https://github.com/jackin-project/jackin-agent-smith/pull/191
jackin-project/jackin-agent-smith	206	open	false	b9db5b149cc46baba9c49549432307c29e3972b0	main	8c1dbe3d16a30aa88ac3c5881c6b68aad4a1055e	https://github.com/jackin-project/jackin-agent-smith/pull/206
jackin-project/homebrew-tap	492	open	false	9255223b26d4a7340d92ec20fef7f95474aa4a58	main	9a12da895ca4c5e947cf2ab6b61e5d22e75be4d7	https://github.com/jackin-project/homebrew-tap/pull/492
jackin-project/homebrew-tap	494	open	false	17b5cfa00b04486c52d043885576cfeb40c55471	main	f1669391582f92c95da1aa5958de4397dfedca09	https://github.com/jackin-project/homebrew-tap/pull/494
jackin-project/jackin-the-architect	418	open	false	f883cd096e164e0447088d434b9e69a749ee3848	main	29e0e600b395195f5fa1bc3c70ea585cfe7518d3	https://github.com/jackin-project/jackin-the-architect/pull/418
jackin-project/jackin-the-architect	419	open	false	20874a71b47d83b6f6d5b0f0b278337ad77ee023	main	29e0e600b395195f5fa1bc3c70ea585cfe7518d3	https://github.com/jackin-project/jackin-the-architect/pull/419
jackin-project/jackin-the-architect	420	open	false	9bfa429c31142fbeec0e44e028ba293c45929e0b	main	0dc1b98bd27bfdf192f359afeb125f2103923a02	https://github.com/jackin-project/jackin-the-architect/pull/420
jackin-project/jackin-the-architect	421	open	false	506cb518f36f45fbffd1c22cef37806a3d585b8f	main	29e0e600b395195f5fa1bc3c70ea585cfe7518d3	https://github.com/jackin-project/jackin-the-architect/pull/421
jackin-project/jackin-the-architect	425	open	false	137eec43c37762f2481f0b513ea6d45fc089b5f9	main	0dc1b98bd27bfdf192f359afeb125f2103923a02	https://github.com/jackin-project/jackin-the-architect/pull/425
jackin-project/jackin-the-architect	426	open	false	8374c0fbbd44bcc43c1824a763dabcfdf57cf38a	main	0dc1b98bd27bfdf192f359afeb125f2103923a02	https://github.com/jackin-project/jackin-the-architect/pull/426
jackin-project/jackin-the-architect	427	open	false	7501b50bfad703cc1c3b1a9b573cf689217acfb7	main	0dc1b98bd27bfdf192f359afeb125f2103923a02	https://github.com/jackin-project/jackin-the-architect/pull/427
jackin-project/jackin-the-architect	428	open	false	740674e7d835d121f0977d51fe35d617b946c0c3	main	0dc1b98bd27bfdf192f359afeb125f2103923a02	https://github.com/jackin-project/jackin-the-architect/pull/428
jackin-project/jackin-the-architect	429	open	false	f5fe2e109c06e694d70a91cd451316cfeb2fd70d	main	0dc1b98bd27bfdf192f359afeb125f2103923a02	https://github.com/jackin-project/jackin-the-architect/pull/429
jackin-project/jackin-the-architect	430	open	false	c183fcf076d63b920932f96c5ccdcd058096b928	main	0dc1b98bd27bfdf192f359afeb125f2103923a02	https://github.com/jackin-project/jackin-the-architect/pull/430
jackin-project/jackin-the-architect	431	open	false	6725b98f3efda134e7d6afa488faa77a799955d0	main	0dc1b98bd27bfdf192f359afeb125f2103923a02	https://github.com/jackin-project/jackin-the-architect/pull/431
jackin-project/jackin-the-architect	432	open	false	8e229c2f4dc8d0cc16ae4afb8206e98f02550997	main	0dc1b98bd27bfdf192f359afeb125f2103923a02	https://github.com/jackin-project/jackin-the-architect/pull/432
jackin-project/jackin-the-architect	433	open	false	10ed53bc177c760594aaa42c58839f32f4e7dbfc	main	0dc1b98bd27bfdf192f359afeb125f2103923a02	https://github.com/jackin-project/jackin-the-architect/pull/433
jackin-project/jackin-the-architect	434	open	false	6fb48dd91a8c4f3c6803d64e52af8e6bcfd05488	main	0dc1b98bd27bfdf192f359afeb125f2103923a02	https://github.com/jackin-project/jackin-the-architect/pull/434
jackin-project/jackin-the-architect	436	open	false	c5fa516a4cc7258f90aef76cbd528342c31fbb44	main	0dc1b98bd27bfdf192f359afeb125f2103923a02	https://github.com/jackin-project/jackin-the-architect/pull/436
jackin-project/jackin-the-architect	437	open	false	b9fdce0ad9ddab61d29d723aca0017a2f25b4f24	main	0dc1b98bd27bfdf192f359afeb125f2103923a02	https://github.com/jackin-project/jackin-the-architect/pull/437
jackin-project/jackin-the-architect	438	open	false	0c0d40a8797ca5bd1308e04400742e92f3ab29cc	main	0dc1b98bd27bfdf192f359afeb125f2103923a02	https://github.com/jackin-project/jackin-the-architect/pull/438
jackin-project/jackin-the-architect	440	open	false	e1d42c30b3162cff9224fe738e32d2f8b044f023	main	0dc1b98bd27bfdf192f359afeb125f2103923a02	https://github.com/jackin-project/jackin-the-architect/pull/440
jackin-project/jackin-the-architect	441	open	false	e792c1c1f17db6f93b18a3a17cd33998b789647e	main	0dc1b98bd27bfdf192f359afeb125f2103923a02	https://github.com/jackin-project/jackin-the-architect/pull/441
jackin-project/jackin-the-architect	455	open	false	5443ee65e68729448b88fc4f21d5fd5fbf350f13	main	d0956f0192d2605cbd26d84bf8911211a727b6c0	https://github.com/jackin-project/jackin-the-architect/pull/455
jackin-project/jackin-the-architect	456	open	false	eaf9c16399b70fc9c325394e683145007a19d710	main	d0956f0192d2605cbd26d84bf8911211a727b6c0	https://github.com/jackin-project/jackin-the-architect/pull/456
jackin-project/jackin-sentinel	117	open	false	4a80ff7190dcf4cb14b649df97011125e5231e55	main	c100647cc06e5845aaa24a1c8e239ed46a0829d8	https://github.com/jackin-project/jackin-sentinel/pull/117
jackin-project/jackin-sentinel	118	open	false	72421c6f29c18976cb755d54e1595e1b1e171dfd	main	c100647cc06e5845aaa24a1c8e239ed46a0829d8	https://github.com/jackin-project/jackin-sentinel/pull/118
jackin-project/jackin-sentinel	119	open	false	5fc7dd4c999df2cd0ed9ee7a6cdaa5a60682c962	main	89cefcb9df1bc4823f6e90aa9d5e49df73c4779f	https://github.com/jackin-project/jackin-sentinel/pull/119
jackin-project/jackin-sentinel	120	open	false	38942dd30c5f8048e174c64042241c290e316a9b	main	c100647cc06e5845aaa24a1c8e239ed46a0829d8	https://github.com/jackin-project/jackin-sentinel/pull/120
jackin-project/jackin-sentinel	124	open	false	ebb2decffea5e0749ff8e2f971930252aba78016	main	89cefcb9df1bc4823f6e90aa9d5e49df73c4779f	https://github.com/jackin-project/jackin-sentinel/pull/124
jackin-project/jackin-sentinel	125	open	false	64f57cc997e1034c5ebe32659136f2537a1eb749	main	89cefcb9df1bc4823f6e90aa9d5e49df73c4779f	https://github.com/jackin-project/jackin-sentinel/pull/125
jackin-project/jackin-sentinel	126	open	false	91ec78f45db9de44aea843e6157597cb6e0aab65	main	89cefcb9df1bc4823f6e90aa9d5e49df73c4779f	https://github.com/jackin-project/jackin-sentinel/pull/126
jackin-project/jackin-sentinel	143	open	false	cc6dac7b22bf22fb0e79ab0b884c299c1f900249	main	a668b869b9a31622f3088c1d891c45716e94cff2	https://github.com/jackin-project/jackin-sentinel/pull/143
jackin-project/jackin-sentinel	144	open	false	cdf18c2b19f7b95a85868c824b6bdffb88156b3d	main	a668b869b9a31622f3088c1d891c45716e94cff2	https://github.com/jackin-project/jackin-sentinel/pull/144
jackin-project/jackin-role-action	157	open	false	3b89ee29ed362fa1290bc5cfb4d47fc721edb216	main	82528e86c50d457fa6bb515b8475e1bdc0be1419	https://github.com/jackin-project/jackin-role-action/pull/157
jackin-project/jackin-role-action	158	open	false	b459e3088635b9dd503b98452630ac2a5eb39823	main	82528e86c50d457fa6bb515b8475e1bdc0be1419	https://github.com/jackin-project/jackin-role-action/pull/158
jackin-project/jackin-role-action	159	open	false	9b524cf22f5c7fd93e69ac31e5fa9da537ac72f8	main	52ee2604aa660d8840fc5644113e0918615f90e2	https://github.com/jackin-project/jackin-role-action/pull/159
jackin-project/jackin-role-action	160	open	false	3df1559270c87e1d789447e3eeab3da678cb675b	main	82528e86c50d457fa6bb515b8475e1bdc0be1419	https://github.com/jackin-project/jackin-role-action/pull/160
jackin-project/jackin-role-action	164	open	false	5e0f99cf761306d3b202b025c944dd21d4df2b7f	main	52ee2604aa660d8840fc5644113e0918615f90e2	https://github.com/jackin-project/jackin-role-action/pull/164
jackin-project/jackin-role-action	165	open	false	db452f4ee7a285917ab9132397e873b9a085cb69	main	52ee2604aa660d8840fc5644113e0918615f90e2	https://github.com/jackin-project/jackin-role-action/pull/165
jackin-project/jackin-role-action	166	open	false	449057cf889cdbbac4f296ba3adb7ae2e1d5cdaf	main	52ee2604aa660d8840fc5644113e0918615f90e2	https://github.com/jackin-project/jackin-role-action/pull/166
jackin-project/jackin-role-action	167	open	false	1faaef2420bac36d5b67c92b6ae4d3c61ca48295	main	52ee2604aa660d8840fc5644113e0918615f90e2	https://github.com/jackin-project/jackin-role-action/pull/167
jackin-project/jackin-role-action	181	open	false	b4bd446c0da372d5c8f89b2102dacb7fc2ea4d16	main	8882236041e149153491ada7091382e76be1c313	https://github.com/jackin-project/jackin-role-action/pull/181
jackin-project/jackin-role-action	182	open	false	8ea816d2cfd33645ecce61b20bdf9655e4781307	main	8882236041e149153491ada7091382e76be1c313	https://github.com/jackin-project/jackin-role-action/pull/182
