ChainArgos/blockchain-nodes	ci.yml	b02170a	workflow_dispatch	main	refs/heads/main	|velnor-trusted
ChainArgos/blockchain-nodes	ci.yml	b02170a	workflow_dispatch	main	refs/heads/main	velnor-trusted|velnor-trusted
ChainArgos/blockchain-nodes	ci.yml	b02170a	workflow_dispatch	main	refs/heads/main	velnor-trusted|velnor-trusted
ChainArgos/blockchain-nodes	ci.yml	f3b9d46	push	main	refs/heads/main	|velnor-trusted
ChainArgos/blockchain-nodes	ci.yml	00b7371	push	main	refs/heads/main	|velnor-trusted
ChainArgos/blockchain-nodes	ci.yml	1fd08cc	push	main	refs/heads/main	|velnor-trusted
ChainArgos/blockchain-nodes	dco.yml	b02170a	workflow_dispatch	main	refs/heads/main	velnor-trusted|self-hosted,velnor-target-mvp
ChainArgos/blockchain-nodes	dco.yml	2c8c66b	pull_request	renovate/chainargos-velnor-actions-2026.x	refs/pull/N/merge	Default|self-hosted,velnor-target-mvp
ChainArgos/blockchain-nodes	dco.yml	16b9d2f	pull_request	renovate/tailrocks-velnor-actions-2026.x	refs/pull/N/merge	Default|self-hosted,velnor-target-mvp
ChainArgos/blockchain-nodes	dco.yml	91eb8f6	pull_request	renovate/chainargos-velnor-actions-2026.x	refs/pull/N/merge	Default|self-hosted,velnor-target-mvp
ChainArgos/blockchain-nodes	dco.yml	fa685fc	pull_request	renovate/tailrocks-velnor-actions-2026.x	refs/pull/N/merge	Default|self-hosted,velnor-target-mvp
ChainArgos/blockchain-nodes	dco.yml	5a598f9	pull_request	renovate/renovatebot-github-action-46.x	refs/pull/N/merge	Default|self-hosted,velnor-target-mvp
ChainArgos/blockchain-nodes	renovate.yml	f3b9d46	schedule	main	refs/heads/main	velnor-trusted|self-hosted,velnor-target-mvp
ChainArgos/blockchain-nodes	renovate.yml	f3b9d46	schedule	main	refs/heads/main	Default|self-hosted,velnor-target-mvp
ChainArgos/blockchain-nodes	renovate.yml	00b7371	schedule	main	refs/heads/main	Default|self-hosted,velnor-target-mvp
ChainArgos/blockchain-nodes	renovate.yml	b02170a	schedule	main	refs/heads/main	Default|self-hosted,velnor-target-mvp
ChainArgos/blockchain-nodes	renovate.yml	b02170a	schedule	main	refs/heads/main	Default|self-hosted,velnor-target-mvp
ChainArgos/blockchain-nodes	renovate.yml	b02170a	schedule	main	refs/heads/main	Default|self-hosted,velnor-target-mvp
ChainArgos/jackin-agent-brown	ci.yml	9cc9a21	workflow_dispatch	main	refs/heads/main	velnor-trusted|velnor-trusted
ChainArgos/jackin-agent-brown	ci.yml	ca45f60	workflow_dispatch	main	refs/heads/main	|velnor-trusted
ChainArgos/jackin-agent-brown	ci.yml	ca45f60	workflow_dispatch	main	refs/heads/main	velnor-trusted|velnor-trusted
ChainArgos/jackin-agent-brown	ci.yml	b524c1f	workflow_dispatch	ci/velnor-lane-routing	other-branch	velnor-trusted|velnor-trusted
ChainArgos/jackin-agent-brown	ci.yml	197f0a2	push	main	refs/heads/main	|velnor-trusted
ChainArgos/jackin-agent-brown	ci.yml	9cc9a21	push	main	refs/heads/main	|velnor-trusted
ChainArgos/jackin-agent-brown	gitleaks-history.yml	9cc9a21	workflow_dispatch	main	refs/heads/main	velnor-trusted|self-hosted,velnor-target-mvp
ChainArgos/jackin-agent-brown	gitleaks-history.yml	b524c1f	workflow_dispatch	ci/velnor-lane-routing	other-branch	velnor-trusted|self-hosted,velnor-target-mvp
ChainArgos/jackin-agent-brown	gitleaks-history.yml	9cc9a21	schedule	main	refs/heads/main	Default|self-hosted,velnor-target-mvp
ChainArgos/jackin-agent-brown	precommit.yml	9cc9a21	workflow_dispatch	main	refs/heads/main	velnor-trusted|self-hosted,velnor-target-mvp
ChainArgos/jackin-agent-brown	precommit.yml	b524c1f	workflow_dispatch	ci/velnor-lane-routing	other-branch	velnor-trusted|self-hosted,velnor-target-mvp
ChainArgos/jackin-agent-brown	precommit.yml	197f0a2	push	main	refs/heads/main	|self-hosted,velnor-target-mvp
ChainArgos/jackin-agent-brown	precommit.yml	9cc9a21	push	main	refs/heads/main	|self-hosted,velnor-target-mvp
ChainArgos/jackin-agent-brown	precommit.yml	ca45f60	push	main	refs/heads/main	|self-hosted,velnor-target-mvp
ChainArgos/jackin-agent-brown	precommit.yml	9953757	push	main	refs/heads/main	|self-hosted,velnor-target-mvp
ChainArgos/jackin-agent-brown	publish-image.yml	197f0a2	workflow_dispatch	main	refs/heads/main	velnor-trusted|velnor-target-mvp
ChainArgos/jackin-agent-brown	publish-image.yml	9cc9a21	workflow_dispatch	main	refs/heads/main	Default|velnor-target-mvp
ChainArgos/jackin-agent-brown	publish-image.yml	197f0a2	push	main	refs/heads/main	|self-hosted,velnor-target-mvp
ChainArgos/jackin-agent-brown	publish-image.yml	9cc9a21	push	main	refs/heads/main	|self-hosted,velnor-target-mvp
ChainArgos/jackin-agent-brown	publish-image.yml	ca45f60	push	main	refs/heads/main	|self-hosted,velnor-target-mvp
ChainArgos/jackin-agent-brown	publish-image.yml	9953757	push	main	refs/heads/main	|self-hosted,velnor-target-mvp
ChainArgos/jackin-agent-brown	renovate.yml	9cc9a21	workflow_dispatch	main	refs/heads/main	velnor-trusted|self-hosted,velnor-target-mvp
ChainArgos/jackin-agent-brown	renovate.yml	b524c1f	workflow_dispatch	ci/velnor-lane-routing	other-branch	Default|self-hosted,velnor-target-mvp
ChainArgos/jackin-agent-brown	renovate.yml	9cc9a21	schedule	main	refs/heads/main	Default|self-hosted,velnor-target-mvp
ChainArgos/jackin-agent-brown	renovate.yml	197f0a2	push	main	refs/heads/main	|self-hosted,velnor-target-mvp
ChainArgos/jackin-agent-brown	renovate.yml	9cc9a21	push	main	refs/heads/main	|self-hosted,velnor-target-mvp
ChainArgos/jackin-agent-brown	renovate.yml	ca45f60	push	main	refs/heads/main	|self-hosted,velnor-target-mvp
ChainArgos/java-monorepo	ansible.yml	e41078f	workflow_dispatch	main	refs/heads/main	velnor-trusted|self-hosted,velnor-target-mvp
ChainArgos/java-monorepo	ansible.yml	cb31c56	workflow_dispatch	main	refs/heads/main	velnor-trusted|self-hosted,velnor-target-mvp
ChainArgos/java-monorepo	ansible.yml	562d3d5	push	main	refs/heads/main	velnor-trusted|self-hosted,velnor-target-mvp
ChainArgos/java-monorepo	ansible.yml	c8d7abd	pull_request	ci/push-github-lane	refs/pull/N/merge	velnor-trusted|self-hosted,velnor-target-mvp
ChainArgos/java-monorepo	ansible.yml	db4bb0b	pull_request	ci/push-github-lane	refs/pull/N/merge	velnor-trusted|self-hosted,velnor-target-mvp
ChainArgos/java-monorepo	ansible.yml	7d71b2e	pull_request	docs/yolo-lightdash-report-parity	refs/pull/N/merge	velnor-trusted|self-hosted,velnor-target-mvp
ChainArgos/java-monorepo	ci.yml	e41078f	workflow_dispatch	main	refs/heads/main	velnor-trusted|velnor-trusted
ChainArgos/java-monorepo	ci.yml	45a9666	workflow_dispatch	main	refs/heads/main	|velnor-trusted
ChainArgos/java-monorepo	ci.yml	cb31c56	workflow_dispatch	main	refs/heads/main	velnor-trusted|velnor-trusted
ChainArgos/java-monorepo	ci.yml	e41078f	push	main	refs/heads/main	|velnor-trusted
ChainArgos/java-monorepo	ci.yml	7a33a91	push	main	refs/heads/main	|velnor-trusted
ChainArgos/java-monorepo	ci.yml	45a9666	push	main	refs/heads/main	|velnor-trusted
ChainArgos/java-monorepo	kestra-build-publish.yml	e41078f	workflow_dispatch	main	refs/heads/main	velnor-trusted|self-hosted,velnor-target-mvp
ChainArgos/java-monorepo	kestra-build-publish.yml	45a9666	workflow_dispatch	main	refs/heads/main	|self-hosted,velnor-target-mvp
ChainArgos/java-monorepo	kestra-build-publish.yml	1a00e35	workflow_dispatch	main	refs/heads/main	velnor-trusted|self-hosted,velnor-target-mvp
ChainArgos/java-monorepo	kestra-build-publish.yml	cb31c56	workflow_dispatch	main	refs/heads/main	velnor-trusted|self-hosted,velnor-target-mvp
ChainArgos/java-monorepo	kestra-build-publish.yml	45a9666	push	main	refs/heads/main	|self-hosted,velnor-target-mvp
ChainArgos/java-monorepo	kestra-build-publish.yml	1a00e35	push	main	refs/heads/main	velnor-trusted|self-hosted,velnor-target-mvp
ChainArgos/java-monorepo	renovate.yml	cb31c56	workflow_dispatch	main	refs/heads/main	velnor-trusted|self-hosted,velnor-target-mvp
ChainArgos/java-monorepo	renovate.yml	45a9666	schedule	main	refs/heads/main	velnor-trusted|self-hosted,velnor-target-mvp
ChainArgos/java-monorepo	rust-docker.yml	e41078f	workflow_dispatch	main	refs/heads/main	velnor-trusted|self-hosted,velnor-target-mvp
ChainArgos/java-monorepo	rust-docker.yml	cb31c56	workflow_dispatch	main	refs/heads/main	velnor-trusted|self-hosted,velnor-target-mvp
ChainArgos/java-monorepo	rust-docker.yml	562d3d5	push	main	refs/heads/main	velnor-trusted|self-hosted,velnor-target-mvp
ChainArgos/java-monorepo	rust-docker.yml	cb31c56	push	main	refs/heads/main	velnor-trusted|self-hosted,velnor-target-mvp
ChainArgos/java-monorepo	rust-docker.yml	a96e7f4	pull_request	ci/kestra-jvm-base-github-disk	refs/pull/N/merge	velnor-trusted|self-hosted,velnor-target-mvp
ChainArgos/java-monorepo	rust-docker.yml	345def5	pull_request	roadmap/yolo-rust-looker-csv-parity	refs/pull/N/merge	velnor-trusted|self-hosted,velnor-target-mvp
jackin-project/homebrew-tap	cask-validation.yml	ad01507	workflow_dispatch	main	refs/heads/main	velnor-trusted|self-hosted,velnor-target-mvp
jackin-project/homebrew-tap	cask-validation.yml	5440ae8	workflow_dispatch	main	refs/heads/main	velnor-trusted|self-hosted,velnor-target-mvp
jackin-project/homebrew-tap	cask-validation.yml	2978b9f	pull_request	ci/velnor-default-lanes	refs/pull/N/merge	velnor-trusted|self-hosted,velnor-target-mvp
jackin-project/homebrew-tap	ci.yml	ad01507	workflow_dispatch	main	refs/heads/main	|velnor-trusted
jackin-project/homebrew-tap	ci.yml	ad01507	workflow_dispatch	main	refs/heads/main	velnor-trusted|velnor-trusted
jackin-project/homebrew-tap	ci.yml	ad01507	workflow_dispatch	main	refs/heads/main	velnor-trusted|velnor-trusted
jackin-project/homebrew-tap	ci.yml	ad01507	workflow_dispatch	main	refs/heads/main	velnor-trusted|velnor-trusted
jackin-project/homebrew-tap	ci.yml	5440ae8	workflow_dispatch	main	refs/heads/main	|velnor-trusted
jackin-project/homebrew-tap	ci.yml	5440ae8	workflow_dispatch	main	refs/heads/main	velnor-trusted|velnor-trusted
jackin-project/homebrew-tap	package-update.yml	ad01507	workflow_dispatch	main	refs/heads/main	velnor-trusted|self-hosted,velnor-target-mvp
jackin-project/homebrew-tap	package-update.yml	8ad08fb	workflow_dispatch	main	refs/heads/main	velnor-trusted|self-hosted,velnor-target-mvp
jackin-project/homebrew-tap	package-update.yml	d5ff3c0	workflow_dispatch	main	refs/heads/main	velnor-trusted|self-hosted,velnor-target-mvp
jackin-project/homebrew-tap	package-update.yml	ad01507	schedule	main	refs/heads/main	velnor-trusted|self-hosted,velnor-target-mvp
jackin-project/homebrew-tap	package-update.yml	ad01507	schedule	main	refs/heads/main	velnor-trusted|self-hosted,velnor-target-mvp
jackin-project/homebrew-tap	package-update.yml	ad01507	schedule	main	refs/heads/main	velnor-trusted|self-hosted,velnor-target-mvp
jackin-project/homebrew-tap	reuse-compliance-public-unmerged.yml	ad01507	workflow_dispatch	main	refs/heads/main	velnor-trusted|self-hosted,velnor-target-mvp
jackin-project/homebrew-tap	reuse-compliance-public-unmerged.yml	5440ae8	workflow_dispatch	main	refs/heads/main	velnor-trusted|self-hosted,velnor-target-mvp
jackin-project/homebrew-tap	reuse-compliance-public-unmerged.yml	cb6346a	pull_request	package-update/verified/preview	refs/pull/N/merge	velnor-trusted|self-hosted,velnor-target-mvp
jackin-project/homebrew-tap	reuse-compliance-public-unmerged.yml	2f32e14	pull_request	ci/push-github-lane	refs/pull/N/merge	velnor-trusted|self-hosted,velnor-target-mvp
jackin-project/homebrew-tap	reuse-compliance-public-unmerged.yml	0fbe3c3	pull_request	ci/reuse-push-github-lane	refs/pull/N/merge	velnor-trusted|self-hosted,velnor-target-mvp
jackin-project/homebrew-tap	reuse-compliance-public-unmerged.yml	2978b9f	pull_request	ci/velnor-default-lanes	refs/pull/N/merge	velnor-trusted|self-hosted,velnor-target-mvp
jackin-project/homebrew-tap	reuse-compliance.yml	ad01507	workflow_dispatch	main	refs/heads/main	velnor-trusted|self-hosted,velnor-target-mvp
jackin-project/homebrew-tap	reuse-compliance.yml	5440ae8	workflow_dispatch	main	refs/heads/main	velnor-trusted|self-hosted,velnor-target-mvp
jackin-project/homebrew-tap	reuse-compliance.yml	5440ae8	push	main	refs/heads/main	velnor-trusted|self-hosted,velnor-target-mvp
jackin-project/homebrew-tap	reuse-compliance.yml	8ad08fb	push	main	refs/heads/main	velnor-trusted|self-hosted,velnor-target-mvp
jackin-project/jackin	ci.yml	f057364	push	main	refs/heads/main	|velnor-trusted
jackin-project/jackin	ci.yml	34d1a8c	push	main	refs/heads/main	|velnor-trusted
jackin-project/jackin	ci.yml	30dff7e	push	main	refs/heads/main	|velnor-trusted
jackin-project/jackin	ci.yml	9484b66	pull_request	fix/dind-orbstack	refs/pull/N/merge	velnor-trusted|velnor-trusted
jackin-project/jackin	ci.yml	afc651b	pull_request	fix/ratchet-github-lane	refs/pull/N/merge	velnor-trusted|velnor-trusted
jackin-project/jackin	ci.yml	f25c527	pull_request	fix/hygiene-dind-dylint-v2	refs/pull/N/merge	velnor-trusted|velnor-trusted
jackin-project/jackin	construct-public-unmerged.yml	9484b66	pull_request	fix/dind-orbstack	refs/pull/N/merge	velnor-trusted|self-hosted,velnor-target-mvp
jackin-project/jackin	construct-public-unmerged.yml	afc651b	pull_request	fix/ratchet-github-lane	refs/pull/N/merge	velnor-trusted|self-hosted,velnor-target-mvp
jackin-project/jackin	construct-public-unmerged.yml	f25c527	pull_request	fix/hygiene-dind-dylint-v2	refs/pull/N/merge	velnor-trusted|self-hosted,velnor-target-mvp
jackin-project/jackin	construct-public-unmerged.yml	8b2f1f2	pull_request	fix/hygiene-dind-dylint	refs/pull/N/merge	velnor-trusted|self-hosted,velnor-target-mvp
jackin-project/jackin	construct-public-unmerged.yml	5e0dd2a	pull_request	fix/hygiene-dind-dylint	refs/pull/N/merge	Default|self-hosted,velnor-target-mvp
jackin-project/jackin	construct-public-unmerged.yml	66238d5	pull_request	fix/release-state-positional	refs/pull/N/merge	velnor-trusted|self-hosted,velnor-target-mvp
jackin-project/jackin	docs-public-unmerged.yml	9484b66	pull_request	fix/dind-orbstack	refs/pull/N/merge	velnor-trusted|self-hosted,velnor-target-mvp
jackin-project/jackin	docs-public-unmerged.yml	afc651b	pull_request	fix/ratchet-github-lane	refs/pull/N/merge	velnor-trusted|self-hosted,velnor-target-mvp
jackin-project/jackin	docs-public-unmerged.yml	f25c527	pull_request	fix/hygiene-dind-dylint-v2	refs/pull/N/merge	velnor-trusted|self-hosted,velnor-target-mvp
jackin-project/jackin	docs-public-unmerged.yml	8b2f1f2	pull_request	fix/hygiene-dind-dylint	refs/pull/N/merge	velnor-trusted|self-hosted,velnor-target-mvp
jackin-project/jackin	docs-public-unmerged.yml	5e0dd2a	pull_request	fix/hygiene-dind-dylint	refs/pull/N/merge	Default|self-hosted,velnor-target-mvp
jackin-project/jackin	docs-public-unmerged.yml	66238d5	pull_request	fix/release-state-positional	refs/pull/N/merge	velnor-trusted|self-hosted,velnor-target-mvp
jackin-project/jackin	hygiene.yml	9484b66	workflow_dispatch	fix/dind-orbstack	other-branch	velnor-trusted|self-hosted,velnor-target-mvp
jackin-project/jackin	hygiene.yml	f25c527	workflow_dispatch	fix/hygiene-dind-dylint-v2	other-branch	Default|self-hosted,velnor-target-mvp
jackin-project/jackin	hygiene.yml	f057364	workflow_dispatch	main	refs/heads/main	velnor-trusted|self-hosted,velnor-target-mvp
jackin-project/jackin	jackin-dev-public-unmerged.yml	66238d5	pull_request	fix/release-state-positional	refs/pull/N/merge	velnor-trusted|self-hosted,velnor-target-mvp
jackin-project/jackin	jackin-dev-public-unmerged.yml	410dfad	pull_request	renovate/jdx-mise-action-4.x	refs/pull/N/merge	velnor-trusted|self-hosted,velnor-target-mvp
jackin-project/jackin	jackin-dev-public-unmerged.yml	ae2ec34	pull_request	renovate/swiftlint-0.x	refs/pull/N/merge	Default|self-hosted,velnor-target-mvp
jackin-project/jackin	jackin-dev-public-unmerged.yml	f462e23	pull_request	renovate/dorny-paths-filter-digest	refs/pull/N/merge	velnor-trusted|self-hosted,velnor-target-mvp
jackin-project/jackin	jackin-dev-public-unmerged.yml	7b58f98	pull_request	fix/release-state-positional	refs/pull/N/merge	velnor-trusted|self-hosted,velnor-target-mvp
jackin-project/jackin	release.yml	f057364	workflow_dispatch	main	refs/heads/main	velnor-trusted|self-hosted,velnor-target-mvp
jackin-project/jackin	renovate-validate-public-unmerged.yml	9484b66	pull_request	fix/dind-orbstack	refs/pull/N/merge	velnor-trusted|self-hosted,velnor-target-mvp
jackin-project/jackin	renovate-validate-public-unmerged.yml	afc651b	pull_request	fix/ratchet-github-lane	refs/pull/N/merge	velnor-trusted|self-hosted,velnor-target-mvp
jackin-project/jackin	renovate-validate-public-unmerged.yml	f25c527	pull_request	fix/hygiene-dind-dylint-v2	refs/pull/N/merge	velnor-trusted|self-hosted,velnor-target-mvp
jackin-project/jackin	renovate-validate-public-unmerged.yml	8b2f1f2	pull_request	fix/hygiene-dind-dylint	refs/pull/N/merge	velnor-trusted|self-hosted,velnor-target-mvp
jackin-project/jackin	renovate-validate-public-unmerged.yml	5e0dd2a	pull_request	fix/hygiene-dind-dylint	refs/pull/N/merge	velnor-trusted|self-hosted,velnor-target-mvp
jackin-project/jackin	renovate-validate-public-unmerged.yml	66238d5	pull_request	fix/release-state-positional	refs/pull/N/merge	velnor-trusted|self-hosted,velnor-target-mvp
jackin-project/jackin	renovate.yml	2532171	schedule	main	refs/heads/main	velnor-trusted|self-hosted,velnor-target-mvp
jackin-project/jackin	reuse-compliance-public-unmerged.yml	9484b66	pull_request	fix/dind-orbstack	refs/pull/N/merge	velnor-trusted|self-hosted,velnor-target-mvp
jackin-project/jackin	reuse-compliance-public-unmerged.yml	afc651b	pull_request	fix/ratchet-github-lane	refs/pull/N/merge	Default|self-hosted,velnor-target-mvp
jackin-project/jackin	reuse-compliance-public-unmerged.yml	f25c527	pull_request	fix/hygiene-dind-dylint-v2	refs/pull/N/merge	velnor-trusted|self-hosted,velnor-target-mvp
jackin-project/jackin	reuse-compliance-public-unmerged.yml	8b2f1f2	pull_request	fix/hygiene-dind-dylint	refs/pull/N/merge	velnor-trusted|self-hosted,velnor-target-mvp
jackin-project/jackin	reuse-compliance-public-unmerged.yml	5e0dd2a	pull_request	fix/hygiene-dind-dylint	refs/pull/N/merge	Default|self-hosted,velnor-target-mvp
jackin-project/jackin	reuse-compliance-public-unmerged.yml	66238d5	pull_request	fix/release-state-positional	refs/pull/N/merge	velnor-trusted|self-hosted,velnor-target-mvp
jackin-project/jackin-agent-smith	ci.yml	d689fc4	workflow_dispatch	main	refs/heads/main	velnor-trusted|velnor-trusted
jackin-project/jackin-agent-smith	ci.yml	d689fc4	workflow_dispatch	main	refs/heads/main	|velnor-trusted
jackin-project/jackin-agent-smith	ci.yml	d689fc4	workflow_dispatch	main	refs/heads/main	velnor-trusted|velnor-trusted
jackin-project/jackin-agent-smith	ci.yml	aa5afe1	push	main	refs/heads/main	|velnor-trusted
jackin-project/jackin-agent-smith	ci.yml	d689fc4	push	main	refs/heads/main	|velnor-trusted
jackin-project/jackin-agent-smith	ci.yml	345c82b	push	main	refs/heads/main	|velnor-trusted
jackin-project/jackin-agent-smith	gitleaks-history.yml	d689fc4	workflow_dispatch	main	refs/heads/main	velnor-trusted|self-hosted,velnor-target-mvp
jackin-project/jackin-agent-smith	gitleaks-history.yml	1854b08	workflow_dispatch	ci/push-github-lane	other-branch	velnor-trusted|self-hosted,velnor-target-mvp
jackin-project/jackin-agent-smith	gitleaks-history.yml	d689fc4	schedule	main	refs/heads/main	velnor-trusted|self-hosted,velnor-target-mvp
jackin-project/jackin-agent-smith	precommit-public-unmerged.yml	d689fc4	workflow_dispatch	main	refs/heads/main	velnor-trusted|self-hosted,velnor-target-mvp
jackin-project/jackin-agent-smith	precommit-public-unmerged.yml	1854b08	workflow_dispatch	ci/push-github-lane	other-branch	|self-hosted,velnor-target-mvp
jackin-project/jackin-agent-smith	precommit-public-unmerged.yml	ac54013	pull_request	renovate/tailrocks-velnor-actions-2026.x	refs/pull/N/merge	velnor-trusted|self-hosted,velnor-target-mvp
jackin-project/jackin-agent-smith	precommit-public-unmerged.yml	e45962e	pull_request	renovate/renovatebot-github-action-46.x	refs/pull/N/merge	velnor-trusted|self-hosted,velnor-target-mvp
jackin-project/jackin-agent-smith	precommit-public-unmerged.yml	c1d82e5	pull_request	renovate/jackin-project-velnor-actions-2026.x	refs/pull/N/merge	velnor-trusted|self-hosted,velnor-target-mvp
jackin-project/jackin-agent-smith	precommit-public-unmerged.yml	73f0809	pull_request	renovate/jdx-mise-2026.x	refs/pull/N/merge	velnor-trusted|self-hosted,velnor-target-mvp
jackin-project/jackin-agent-smith	precommit.yml	d689fc4	workflow_dispatch	main	refs/heads/main	velnor-trusted|self-hosted,velnor-target-mvp
jackin-project/jackin-agent-smith	precommit.yml	1854b08	workflow_dispatch	ci/push-github-lane	other-branch	velnor-trusted|self-hosted,velnor-target-mvp
jackin-project/jackin-agent-smith	precommit.yml	aa5afe1	push	main	refs/heads/main	|self-hosted,velnor-target-mvp
jackin-project/jackin-agent-smith	precommit.yml	d689fc4	push	main	refs/heads/main	|self-hosted,velnor-target-mvp
jackin-project/jackin-agent-smith	precommit.yml	345c82b	push	main	refs/heads/main	|self-hosted,velnor-target-mvp
jackin-project/jackin-agent-smith	precommit.yml	e0e55a5	push	main	refs/heads/main	|self-hosted,velnor-target-mvp
jackin-project/jackin-agent-smith	publish-image.yml	aa5afe1	workflow_dispatch	main	refs/heads/main	velnor-trusted|velnor-target-mvp
jackin-project/jackin-agent-smith	publish-image.yml	d689fc4	workflow_dispatch	main	refs/heads/main	velnor-trusted|velnor-target-mvp
jackin-project/jackin-agent-smith	publish-image.yml	cc965a1	workflow_dispatch	chore/publish-reusable-artifact-scope-pin	other-branch	velnor-trusted|velnor-target-mvp
jackin-project/jackin-agent-smith	publish-image.yml	14c44f5	workflow_dispatch	chore/publish-reusable-artifact-scope-pin	other-branch	velnor-trusted|velnor-target-mvp
jackin-project/jackin-agent-smith	publish-image.yml	e0e55a5	workflow_dispatch	main	refs/heads/main	velnor-trusted|velnor-target-mvp
jackin-project/jackin-agent-smith	publish-image.yml	55b2925	workflow_dispatch	chore/publish-reusable-artifact-scope-pin	other-branch	velnor-trusted|velnor-target-mvp
jackin-project/jackin-agent-smith	renovate.yml	d689fc4	workflow_dispatch	main	refs/heads/main	velnor-trusted|self-hosted,velnor-target-mvp
jackin-project/jackin-agent-smith	renovate.yml	1854b08	workflow_dispatch	ci/push-github-lane	other-branch	velnor-trusted|self-hosted,velnor-target-mvp
jackin-project/jackin-agent-smith	renovate.yml	1854b08	workflow_dispatch	ci/push-github-lane	other-branch	|self-hosted,velnor-target-mvp
jackin-project/jackin-agent-smith	renovate.yml	d689fc4	schedule	main	refs/heads/main	velnor-trusted|self-hosted,velnor-target-mvp
jackin-project/jackin-agent-smith	renovate.yml	aa5afe1	push	main	refs/heads/main	|self-hosted,velnor-target-mvp
jackin-project/jackin-agent-smith	renovate.yml	d689fc4	push	main	refs/heads/main	|self-hosted,velnor-target-mvp
jackin-project/jackin-agent-smith	reuse-compliance-public-unmerged.yml	d689fc4	workflow_dispatch	main	refs/heads/main	velnor-trusted|self-hosted,velnor-target-mvp
jackin-project/jackin-agent-smith	reuse-compliance-public-unmerged.yml	1854b08	workflow_dispatch	ci/push-github-lane	other-branch	|self-hosted,velnor-target-mvp
jackin-project/jackin-agent-smith	reuse-compliance-public-unmerged.yml	ac54013	pull_request	renovate/tailrocks-velnor-actions-2026.x	refs/pull/N/merge	velnor-trusted|self-hosted,velnor-target-mvp
jackin-project/jackin-agent-smith	reuse-compliance-public-unmerged.yml	e45962e	pull_request	renovate/renovatebot-github-action-46.x	refs/pull/N/merge	velnor-trusted|self-hosted,velnor-target-mvp
jackin-project/jackin-agent-smith	reuse-compliance-public-unmerged.yml	c1d82e5	pull_request	renovate/jackin-project-velnor-actions-2026.x	refs/pull/N/merge	velnor-trusted|self-hosted,velnor-target-mvp
jackin-project/jackin-agent-smith	reuse-compliance-public-unmerged.yml	73f0809	pull_request	renovate/jdx-mise-2026.x	refs/pull/N/merge	velnor-trusted|self-hosted,velnor-target-mvp
jackin-project/jackin-agent-smith	reuse-compliance.yml	d689fc4	workflow_dispatch	main	refs/heads/main	velnor-trusted|self-hosted,velnor-target-mvp
jackin-project/jackin-agent-smith	reuse-compliance.yml	1854b08	workflow_dispatch	ci/push-github-lane	other-branch	velnor-trusted|self-hosted,velnor-target-mvp
jackin-project/jackin-agent-smith	reuse-compliance.yml	1854b08	workflow_dispatch	ci/push-github-lane	other-branch	|self-hosted,velnor-target-mvp
jackin-project/jackin-agent-smith	reuse-compliance.yml	aa5afe1	push	main	refs/heads/main	|self-hosted,velnor-target-mvp
jackin-project/jackin-agent-smith	reuse-compliance.yml	d689fc4	push	main	refs/heads/main	|self-hosted,velnor-target-mvp
jackin-project/jackin-agent-smith	reuse-compliance.yml	345c82b	push	main	refs/heads/main	|self-hosted,velnor-target-mvp
jackin-project/jackin-dev	ci.yml	93a9024	workflow_dispatch	main	refs/heads/main	|velnor-trusted
jackin-project/jackin-dev	ci.yml	93a9024	workflow_dispatch	main	refs/heads/main	velnor-trusted|velnor-trusted
jackin-project/jackin-dev	ci.yml	ee0c0f6	workflow_dispatch	ci/velnor-fleet-conversion	other-branch	velnor-trusted|velnor-trusted
jackin-project/jackin-dev	ci.yml	94d157a	schedule	main	refs/heads/main	velnor-trusted|velnor-trusted
jackin-project/jackin-dev	ci.yml	93a9024	push	main	refs/heads/main	|velnor-trusted
jackin-project/jackin-dev	ci.yml	da3f3f0	push	main	refs/heads/main	|velnor-trusted
jackin-project/jackin-dev	reuse-compliance-public-unmerged.yml	93a9024	workflow_dispatch	main	refs/heads/main	velnor-trusted|self-hosted,velnor-target-mvp
jackin-project/jackin-dev	reuse-compliance-public-unmerged.yml	ee0c0f6	workflow_dispatch	ci/velnor-fleet-conversion	other-branch	velnor-trusted|self-hosted,velnor-target-mvp
jackin-project/jackin-dev	reuse-compliance-public-unmerged.yml	22783cb	pull_request	ci/reuse-runs-on-comment	refs/pull/N/merge	velnor-trusted|self-hosted,velnor-target-mvp
jackin-project/jackin-dev	reuse-compliance-public-unmerged.yml	8ec0566	pull_request	ci/reuse-push-github-lane	refs/pull/N/merge	velnor-trusted|self-hosted,velnor-target-mvp
jackin-project/jackin-dev	reuse-compliance-public-unmerged.yml	ee0c0f6	pull_request	ci/velnor-fleet-conversion	refs/pull/N/merge	velnor-trusted|self-hosted,velnor-target-mvp
jackin-project/jackin-dev	reuse-compliance.yml	93a9024	workflow_dispatch	main	refs/heads/main	velnor-trusted|self-hosted,velnor-target-mvp
jackin-project/jackin-dev	reuse-compliance.yml	ee0c0f6	workflow_dispatch	ci/velnor-fleet-conversion	other-branch	velnor-trusted|self-hosted,velnor-target-mvp
jackin-project/jackin-dev	reuse-compliance.yml	78a6e48	push	main	refs/heads/main	velnor-trusted|self-hosted,velnor-target-mvp
jackin-project/jackin-dev	reuse-compliance.yml	94d157a	push	main	refs/heads/main	velnor-trusted|self-hosted,velnor-target-mvp
jackin-project/jackin-dev	reuse-compliance.yml	1d5774a	push	main	refs/heads/main	velnor-trusted|self-hosted,velnor-target-mvp
jackin-project/jackin-role-action	ci.yml	6ff4a5e	workflow_dispatch	main	refs/heads/main	velnor-trusted|velnor-trusted
jackin-project/jackin-role-action	ci.yml	6ff4a5e	workflow_dispatch	main	refs/heads/main	|velnor-trusted
jackin-project/jackin-role-action	ci.yml	6ff4a5e	workflow_dispatch	main	refs/heads/main	velnor-trusted|velnor-trusted
jackin-project/jackin-role-action	ci.yml	840f0d8	workflow_dispatch	main	refs/heads/main	velnor-trusted|velnor-trusted
jackin-project/jackin-role-action	ci.yml	2b9e969	workflow_dispatch	ci/reuse-public-unmerged-velnor-default	other-branch	|velnor-trusted
jackin-project/jackin-role-action	ci.yml	3683b34	push	main	refs/heads/main	|velnor-trusted
jackin-project/jackin-role-action	renovate.yml	6ff4a5e	workflow_dispatch	main	refs/heads/main	velnor-trusted|self-hosted,velnor-target-mvp
jackin-project/jackin-role-action	renovate.yml	6ff4a5e	schedule	main	refs/heads/main	velnor-trusted|self-hosted,velnor-target-mvp
jackin-project/jackin-role-action	renovate.yml	fdd0f7d	push	main	refs/heads/main	velnor-trusted|self-hosted,velnor-target-mvp
jackin-project/jackin-role-action	renovate.yml	c309226	push	main	refs/heads/main	velnor-trusted|self-hosted,velnor-target-mvp
jackin-project/jackin-role-action	renovate.yml	f69194d	push	main	refs/heads/main	velnor-trusted|self-hosted,velnor-target-mvp
jackin-project/jackin-role-action	reuse-compliance-public-unmerged.yml	6ff4a5e	workflow_dispatch	main	refs/heads/main	velnor-trusted|self-hosted,velnor-target-mvp
jackin-project/jackin-role-action	reuse-compliance-public-unmerged.yml	840f0d8	workflow_dispatch	main	refs/heads/main	velnor-trusted|self-hosted,velnor-target-mvp
jackin-project/jackin-role-action	reuse-compliance-public-unmerged.yml	2b9e969	workflow_dispatch	ci/reuse-public-unmerged-velnor-default	other-branch	velnor-trusted|self-hosted,velnor-target-mvp
jackin-project/jackin-role-action	reuse-compliance-public-unmerged.yml	e1ee58a	pull_request	renovate/renovatebot-github-action-46.x	refs/pull/N/merge	velnor-trusted|self-hosted,velnor-target-mvp
jackin-project/jackin-role-action	reuse-compliance-public-unmerged.yml	03da804	pull_request	renovate/jdx-mise-2026.x	refs/pull/N/merge	velnor-trusted|self-hosted,velnor-target-mvp
jackin-project/jackin-role-action	reuse-compliance-public-unmerged.yml	8acc1c0	pull_request	renovate/tailrocks-velnor-actions-digest	refs/pull/N/merge	velnor-trusted|self-hosted,velnor-target-mvp
jackin-project/jackin-role-action	reuse-compliance.yml	6ff4a5e	workflow_dispatch	main	refs/heads/main	velnor-trusted|self-hosted,velnor-target-mvp
jackin-project/jackin-role-action	reuse-compliance.yml	840f0d8	workflow_dispatch	main	refs/heads/main	velnor-trusted|self-hosted,velnor-target-mvp
jackin-project/jackin-role-action	reuse-compliance.yml	fdd0f7d	push	main	refs/heads/main	velnor-trusted|self-hosted,velnor-target-mvp
jackin-project/jackin-role-action	reuse-compliance.yml	c309226	push	main	refs/heads/main	velnor-trusted|self-hosted,velnor-target-mvp
jackin-project/jackin-role-action	reuse-compliance.yml	f69194d	push	main	refs/heads/main	velnor-trusted|self-hosted,velnor-target-mvp
jackin-project/jackin-sentinel	ci.yml	8ccf49e	workflow_dispatch	main	refs/heads/main	|velnor-trusted
jackin-project/jackin-sentinel	ci.yml	8ccf49e	workflow_dispatch	main	refs/heads/main	velnor-trusted|velnor-trusted
jackin-project/jackin-sentinel	ci.yml	8ccf49e	workflow_dispatch	main	refs/heads/main	velnor-trusted|velnor-trusted
jackin-project/jackin-sentinel	ci.yml	8ccf49e	workflow_dispatch	main	refs/heads/main	|velnor-trusted
jackin-project/jackin-sentinel	ci.yml	8ccf49e	push	main	refs/heads/main	velnor-trusted|velnor-trusted
jackin-project/jackin-sentinel	ci.yml	8e8fb4d	push	main	refs/heads/main	velnor-trusted|velnor-trusted
jackin-project/jackin-sentinel	gitleaks-history.yml	8ccf49e	workflow_dispatch	main	refs/heads/main	velnor-trusted|self-hosted,velnor-target-mvp
jackin-project/jackin-sentinel	gitleaks-history.yml	8ccf49e	workflow_dispatch	main	refs/heads/main	velnor-trusted|self-hosted,velnor-target-mvp
jackin-project/jackin-sentinel	gitleaks-history.yml	8ccf49e	schedule	main	refs/heads/main	velnor-trusted|self-hosted,velnor-target-mvp
jackin-project/jackin-sentinel	precommit-public-unmerged.yml	8ccf49e	workflow_dispatch	main	refs/heads/main	velnor-trusted|self-hosted,velnor-target-mvp
jackin-project/jackin-sentinel	precommit-public-unmerged.yml	8ccf49e	workflow_dispatch	main	refs/heads/main	velnor-trusted|self-hosted,velnor-target-mvp
jackin-project/jackin-sentinel	precommit-public-unmerged.yml	08add6a	pull_request	renovate/tailrocks-velnor-actions-2026.x	refs/pull/N/merge	velnor-trusted|self-hosted,velnor-target-mvp
jackin-project/jackin-sentinel	precommit-public-unmerged.yml	5f91cb2	pull_request	renovate/renovatebot-github-action-46.x	refs/pull/N/merge	velnor-trusted|self-hosted,velnor-target-mvp
jackin-project/jackin-sentinel	precommit-public-unmerged.yml	57623c8	pull_request	renovate/jackin-project-velnor-actions-2026.x	refs/pull/N/merge	velnor-trusted|self-hosted,velnor-target-mvp
jackin-project/jackin-sentinel	precommit-public-unmerged.yml	5db25c8	pull_request	renovate/chainargos-velnor-actions-2026.x	refs/pull/N/merge	velnor-trusted|self-hosted,velnor-target-mvp
jackin-project/jackin-sentinel	precommit.yml	8ccf49e	workflow_dispatch	main	refs/heads/main	velnor-trusted|self-hosted,velnor-target-mvp
jackin-project/jackin-sentinel	precommit.yml	8ccf49e	workflow_dispatch	main	refs/heads/main	velnor-trusted|self-hosted,velnor-target-mvp
jackin-project/jackin-sentinel	precommit.yml	8ccf49e	push	main	refs/heads/main	velnor-trusted|self-hosted,velnor-target-mvp
jackin-project/jackin-sentinel	precommit.yml	8e8fb4d	push	main	refs/heads/main	velnor-trusted|self-hosted,velnor-target-mvp
jackin-project/jackin-sentinel	precommit.yml	07474d7	push	main	refs/heads/main	velnor-trusted|self-hosted,velnor-target-mvp
jackin-project/jackin-sentinel	precommit.yml	73f0955	push	main	refs/heads/main	velnor-trusted|self-hosted,velnor-target-mvp
jackin-project/jackin-sentinel	publish-image.yml	8ccf49e	workflow_dispatch	main	refs/heads/main	velnor-trusted|self-hosted,velnor-target-mvp
jackin-project/jackin-sentinel	publish-image.yml	8ccf49e	workflow_dispatch	main	refs/heads/main	velnor-trusted|velnor-target-mvp
jackin-project/jackin-sentinel	publish-image.yml	8ccf49e	workflow_dispatch	main	refs/heads/main	velnor-trusted|velnor-target-mvp
jackin-project/jackin-sentinel	publish-image.yml	8ccf49e	workflow_dispatch	main	refs/heads/main	velnor-trusted|velnor-target-mvp
jackin-project/jackin-sentinel	publish-image.yml	8ccf49e	push	main	refs/heads/main	velnor-trusted|velnor-target-mvp
jackin-project/jackin-sentinel	publish-image.yml	8e8fb4d	push	main	refs/heads/main	velnor-trusted|velnor-target-mvp
jackin-project/jackin-sentinel	renovate.yml	8ccf49e	workflow_dispatch	main	refs/heads/main	velnor-trusted|self-hosted,velnor-target-mvp
jackin-project/jackin-sentinel	renovate.yml	8ccf49e	workflow_dispatch	main	refs/heads/main	velnor-trusted|self-hosted,velnor-target-mvp
jackin-project/jackin-sentinel	renovate.yml	8ccf49e	workflow_dispatch	main	refs/heads/main	velnor-trusted|self-hosted,velnor-target-mvp
jackin-project/jackin-sentinel	renovate.yml	8ccf49e	schedule	main	refs/heads/main	velnor-trusted|self-hosted,velnor-target-mvp
jackin-project/jackin-sentinel	renovate.yml	8ccf49e	push	main	refs/heads/main	velnor-trusted|self-hosted,velnor-target-mvp
jackin-project/jackin-sentinel	renovate.yml	8e8fb4d	push	main	refs/heads/main	velnor-trusted|self-hosted,velnor-target-mvp
jackin-project/jackin-sentinel	reuse-compliance-public-unmerged.yml	8ccf49e	workflow_dispatch	main	refs/heads/main	velnor-trusted|self-hosted,velnor-target-mvp
jackin-project/jackin-sentinel	reuse-compliance-public-unmerged.yml	8ccf49e	workflow_dispatch	main	refs/heads/main	velnor-trusted|self-hosted,velnor-target-mvp
jackin-project/jackin-sentinel	reuse-compliance-public-unmerged.yml	08add6a	pull_request	renovate/tailrocks-velnor-actions-2026.x	refs/pull/N/merge	velnor-trusted|self-hosted,velnor-target-mvp
jackin-project/jackin-sentinel	reuse-compliance-public-unmerged.yml	5f91cb2	pull_request	renovate/renovatebot-github-action-46.x	refs/pull/N/merge	velnor-trusted|self-hosted,velnor-target-mvp
jackin-project/jackin-sentinel	reuse-compliance-public-unmerged.yml	57623c8	pull_request	renovate/jackin-project-velnor-actions-2026.x	refs/pull/N/merge	velnor-trusted|self-hosted,velnor-target-mvp
jackin-project/jackin-sentinel	reuse-compliance-public-unmerged.yml	5db25c8	pull_request	renovate/chainargos-velnor-actions-2026.x	refs/pull/N/merge	velnor-trusted|self-hosted,velnor-target-mvp
jackin-project/jackin-sentinel	reuse-compliance.yml	8ccf49e	workflow_dispatch	main	refs/heads/main	velnor-trusted|self-hosted,velnor-target-mvp
jackin-project/jackin-sentinel	reuse-compliance.yml	8ccf49e	workflow_dispatch	main	refs/heads/main	velnor-trusted|self-hosted,velnor-target-mvp
jackin-project/jackin-sentinel	reuse-compliance.yml	8ccf49e	push	main	refs/heads/main	velnor-trusted|self-hosted,velnor-target-mvp
jackin-project/jackin-sentinel	reuse-compliance.yml	8e8fb4d	push	main	refs/heads/main	velnor-trusted|self-hosted,velnor-target-mvp
jackin-project/jackin-sentinel	reuse-compliance.yml	07474d7	push	main	refs/heads/main	velnor-trusted|self-hosted,velnor-target-mvp
jackin-project/jackin-sentinel	reuse-compliance.yml	73f0955	push	main	refs/heads/main	velnor-trusted|self-hosted,velnor-target-mvp
jackin-project/jackin-the-architect	ci.yml	a7da234	workflow_dispatch	main	refs/heads/main	velnor-trusted|velnor-trusted
jackin-project/jackin-the-architect	ci.yml	a7da234	workflow_dispatch	main	refs/heads/main	|velnor-trusted
jackin-project/jackin-the-architect	ci.yml	a7da234	workflow_dispatch	main	refs/heads/main	velnor-trusted|velnor-trusted
jackin-project/jackin-the-architect	ci.yml	942c882	workflow_dispatch	main	refs/heads/main	velnor-trusted|velnor-trusted
jackin-project/jackin-the-architect	ci.yml	9077fe7	push	main	refs/heads/main	|velnor-trusted
jackin-project/jackin-the-architect	ci.yml	a7da234	push	main	refs/heads/main	|velnor-trusted
jackin-project/jackin-the-architect	gitleaks-history.yml	a7da234	workflow_dispatch	main	refs/heads/main	velnor-trusted|self-hosted,velnor-target-mvp
jackin-project/jackin-the-architect	gitleaks-history.yml	a7da234	schedule	main	refs/heads/main	velnor-trusted|self-hosted,velnor-target-mvp
jackin-project/jackin-the-architect	jackin-toolchain.yml	a7da234	workflow_dispatch	main	refs/heads/main	velnor-trusted|self-hosted,velnor-target-mvp
jackin-project/jackin-the-architect	jackin-toolchain.yml	942c882	workflow_dispatch	main	refs/heads/main	velnor-trusted|self-hosted,velnor-target-mvp
jackin-project/jackin-the-architect	jackin-toolchain.yml	a7da234	schedule	main	refs/heads/main	velnor-trusted|self-hosted,velnor-target-mvp
jackin-project/jackin-the-architect	precommit-public-unmerged.yml	a7da234	workflow_dispatch	main	refs/heads/main	velnor-trusted|self-hosted,velnor-target-mvp
jackin-project/jackin-the-architect	precommit-public-unmerged.yml	85199e8	pull_request	renovate/tailrocks-velnor-actions-2026.x	refs/pull/N/merge	velnor-trusted|self-hosted,velnor-target-mvp
jackin-project/jackin-the-architect	precommit-public-unmerged.yml	862d7df	pull_request	renovate/renovatebot-github-action-46.x	refs/pull/N/merge	velnor-trusted|self-hosted,velnor-target-mvp
jackin-project/jackin-the-architect	precommit-public-unmerged.yml	50f29e4	pull_request	renovate/jackin-project-velnor-actions-2026.x	refs/pull/N/merge	velnor-trusted|self-hosted,velnor-target-mvp
jackin-project/jackin-the-architect	precommit-public-unmerged.yml	10c2682	pull_request	renovate/jdx-mise-2026.x	refs/pull/N/merge	velnor-trusted|self-hosted,velnor-target-mvp
jackin-project/jackin-the-architect	precommit-public-unmerged.yml	83b9300	pull_request	renovate/chainargos-velnor-actions-2026.x	refs/pull/N/merge	velnor-trusted|self-hosted,velnor-target-mvp
jackin-project/jackin-the-architect	precommit.yml	a7da234	workflow_dispatch	main	refs/heads/main	velnor-trusted|self-hosted,velnor-target-mvp
jackin-project/jackin-the-architect	renovate.yml	a7da234	workflow_dispatch	main	refs/heads/main	velnor-trusted|self-hosted,velnor-target-mvp
jackin-project/jackin-the-architect	renovate.yml	a7da234	schedule	main	refs/heads/main	velnor-trusted|self-hosted,velnor-target-mvp
jackin-project/jackin-the-architect	reuse-compliance-public-unmerged.yml	a7da234	workflow_dispatch	main	refs/heads/main	velnor-trusted|self-hosted,velnor-target-mvp
jackin-project/jackin-the-architect	reuse-compliance-public-unmerged.yml	85199e8	pull_request	renovate/tailrocks-velnor-actions-2026.x	refs/pull/N/merge	velnor-trusted|self-hosted,velnor-target-mvp
jackin-project/jackin-the-architect	reuse-compliance-public-unmerged.yml	862d7df	pull_request	renovate/renovatebot-github-action-46.x	refs/pull/N/merge	velnor-trusted|self-hosted,velnor-target-mvp
jackin-project/jackin-the-architect	reuse-compliance-public-unmerged.yml	50f29e4	pull_request	renovate/jackin-project-velnor-actions-2026.x	refs/pull/N/merge	velnor-trusted|self-hosted,velnor-target-mvp
jackin-project/jackin-the-architect	reuse-compliance-public-unmerged.yml	10c2682	pull_request	renovate/jdx-mise-2026.x	refs/pull/N/merge	velnor-trusted|self-hosted,velnor-target-mvp
jackin-project/jackin-the-architect	reuse-compliance-public-unmerged.yml	83b9300	pull_request	renovate/chainargos-velnor-actions-2026.x	refs/pull/N/merge	velnor-trusted|self-hosted,velnor-target-mvp
jackin-project/jackin-the-architect	reuse-compliance.yml	a7da234	workflow_dispatch	main	refs/heads/main	velnor-trusted|self-hosted,velnor-target-mvp
tailrocks/holla	ci.yml	ac82850	workflow_dispatch	main	refs/heads/main	velnor-trusted|velnor-trusted
tailrocks/holla	ci.yml	4372e84	workflow_dispatch	main	refs/heads/main	|velnor-trusted
tailrocks/holla	ci.yml	4372e84	workflow_dispatch	main	refs/heads/main	velnor-trusted|velnor-trusted
tailrocks/holla	ci.yml	b533467	workflow_dispatch	main	refs/heads/main	|velnor-trusted
tailrocks/holla	ci.yml	b533467	workflow_dispatch	main	refs/heads/main	velnor-trusted|velnor-trusted
tailrocks/holla	ci.yml	4be290f	workflow_dispatch	main	refs/heads/main	velnor-trusted|velnor-trusted
tailrocks/holla	preview.yml	ac82850	workflow_dispatch	main	refs/heads/main	velnor-trusted|self-hosted,velnor-target-mvp
tailrocks/holla	preview.yml	73d5bbb	workflow_dispatch	main	refs/heads/main	velnor-trusted|self-hosted,velnor-target-mvp
tailrocks/holla	preview.yml	2843907	push	main	refs/heads/main	velnor-trusted|self-hosted,velnor-target-mvp
tailrocks/holla	preview.yml	6387d5e	push	main	refs/heads/main	velnor-trusted|self-hosted,velnor-target-mvp
tailrocks/holla	preview.yml	af10c56	push	main	refs/heads/main	velnor-trusted|self-hosted,velnor-target-mvp
tailrocks/holla	renovate.yml	ac82850	workflow_dispatch	main	refs/heads/main	velnor-trusted|self-hosted,velnor-target-mvp
tailrocks/holla	renovate.yml	4372e84	workflow_dispatch	main	refs/heads/main	velnor-trusted|self-hosted,velnor-target-mvp
tailrocks/holla	renovate.yml	b533467	workflow_dispatch	main	refs/heads/main	velnor-trusted|self-hosted,velnor-target-mvp
tailrocks/holla	renovate.yml	4be290f	workflow_dispatch	main	refs/heads/main	velnor-trusted|self-hosted,velnor-target-mvp
tailrocks/holla	renovate.yml	c68f8de	workflow_dispatch	fix/renovate-github-lane-basedir	other-branch	velnor-trusted|self-hosted,velnor-target-mvp
tailrocks/holla	renovate.yml	41f1b94	workflow_dispatch	fix/renovate-github-lane-basedir	other-branch	velnor-trusted|self-hosted,velnor-target-mvp
tailrocks/holla-apt	ci.yml	db56cb7	workflow_dispatch	main	refs/heads/main	velnor-trusted|velnor-trusted
tailrocks/holla-apt	ci.yml	db56cb7	workflow_dispatch	main	refs/heads/main	|velnor-trusted
tailrocks/holla-apt	ci.yml	db56cb7	workflow_dispatch	main	refs/heads/main	|velnor-trusted
tailrocks/holla-apt	ci.yml	db56cb7	workflow_dispatch	main	refs/heads/main	velnor-trusted|velnor-trusted
tailrocks/holla-apt	ci.yml	25fb231	workflow_dispatch	ci/canonical-lanes-push-routing	other-branch	velnor-trusted|velnor-trusted
tailrocks/holla-apt	ci.yml	c5f1146	schedule	main	refs/heads/main	velnor-trusted|velnor-trusted
tailrocks/holla-apt	package-update.yml	db56cb7	workflow_dispatch	main	refs/heads/main	velnor-trusted|self-hosted,velnor-target-mvp
tailrocks/holla-apt	package-update.yml	db56cb7	schedule	main	refs/heads/main	velnor-trusted|self-hosted,velnor-target-mvp
tailrocks/holla-apt	package-update.yml	db56cb7	schedule	main	refs/heads/main	velnor-trusted|self-hosted,velnor-target-mvp
tailrocks/holla-apt	package-update.yml	2d0b9ed	schedule	main	refs/heads/main	velnor-trusted|self-hosted,velnor-target-mvp
tailrocks/holla-apt	package-update.yml	2d0b9ed	schedule	main	refs/heads/main	velnor-trusted|self-hosted,velnor-target-mvp
tailrocks/holla-apt	package-update.yml	c5f1146	schedule	main	refs/heads/main	velnor-trusted|self-hosted,velnor-target-mvp
tailrocks/holla-apt	renovate.yml	db56cb7	workflow_dispatch	main	refs/heads/main	velnor-trusted|self-hosted,velnor-target-mvp
tailrocks/holla-apt	renovate.yml	db56cb7	schedule	main	refs/heads/main	velnor-trusted|self-hosted,velnor-target-mvp
tailrocks/holla-apt	renovate.yml	c5f1146	schedule	main	refs/heads/main	velnor-trusted|self-hosted,velnor-target-mvp
tailrocks/holla-apt	renovate.yml	c5f1146	schedule	main	refs/heads/main	velnor-trusted|self-hosted,velnor-target-mvp
tailrocks/holla-apt	renovate.yml	c5f1146	schedule	main	refs/heads/main	velnor-trusted|self-hosted,velnor-target-mvp
tailrocks/holla-apt	renovate.yml	c5f1146	schedule	main	refs/heads/main	velnor-trusted|self-hosted,velnor-target-mvp
tailrocks/homebrew-holla	ci.yml	a127995	workflow_dispatch	main	refs/heads/main	velnor-trusted|velnor-trusted
tailrocks/homebrew-holla	ci.yml	543149a	workflow_dispatch	main	refs/heads/main	|velnor-trusted
tailrocks/homebrew-holla	ci.yml	543149a	workflow_dispatch	main	refs/heads/main	velnor-trusted|velnor-trusted
tailrocks/homebrew-holla	ci.yml	b34aa62	workflow_dispatch	chore/velnor-lanes-rerender	other-branch	|velnor-trusted
tailrocks/homebrew-holla	ci.yml	9c2211d	schedule	main	refs/heads/main	velnor-trusted|velnor-trusted
tailrocks/homebrew-holla	ci.yml	ff651bf	push	main	refs/heads/main	|velnor-trusted
tailrocks/homebrew-holla	package-update.yml	a127995	workflow_dispatch	main	refs/heads/main	velnor-trusted|self-hosted,velnor-target-mvp
tailrocks/homebrew-holla	package-update.yml	a127995	schedule	main	refs/heads/main	velnor-trusted|self-hosted,velnor-target-mvp
tailrocks/homebrew-holla	package-update.yml	276b64a	schedule	main	refs/heads/main	velnor-trusted|self-hosted,velnor-target-mvp
tailrocks/homebrew-holla	package-update.yml	33f54e1	schedule	main	refs/heads/main	velnor-trusted|self-hosted,velnor-target-mvp
tailrocks/homebrew-holla	package-update.yml	33f54e1	schedule	main	refs/heads/main	velnor-trusted|self-hosted,velnor-target-mvp
tailrocks/homebrew-holla	package-update.yml	9c2211d	schedule	main	refs/heads/main	velnor-trusted|self-hosted,velnor-target-mvp
tailrocks/homebrew-holla	renovate.yml	a127995	workflow_dispatch	main	refs/heads/main	velnor-trusted|self-hosted,velnor-target-mvp
tailrocks/homebrew-holla	update-preview.yml	ff651bf	schedule	main	refs/heads/main	velnor-trusted|self-hosted,velnor-target-mvp
tailrocks/homebrew-holla	update-preview.yml	ff651bf	schedule	main	refs/heads/main	velnor-trusted|self-hosted,velnor-target-mvp
tailrocks/homebrew-holla	update-preview.yml	a127995	schedule	main	refs/heads/main	velnor-trusted|self-hosted,velnor-target-mvp
tailrocks/homebrew-holla	update-preview.yml	a127995	schedule	main	refs/heads/main	velnor-trusted|self-hosted,velnor-target-mvp
tailrocks/homebrew-holla	update-preview.yml	a127995	schedule	main	refs/heads/main	velnor-trusted|self-hosted,velnor-target-mvp
tailrocks/homebrew-holla	update-preview.yml	a127995	schedule	main	refs/heads/main	velnor-trusted|self-hosted,velnor-target-mvp
tailrocks/homebrew-parallax	ci.yml	53ecfca	workflow_dispatch	main	refs/heads/main	velnor-trusted|velnor-trusted
tailrocks/homebrew-parallax	ci.yml	7b1d1fb	workflow_dispatch	main	refs/heads/main	velnor-trusted|velnor-trusted
tailrocks/homebrew-parallax	ci.yml	7b1d1fb	workflow_dispatch	main	refs/heads/main	|velnor-trusted
tailrocks/homebrew-parallax	ci.yml	7b1d1fb	workflow_dispatch	main	refs/heads/main	|velnor-trusted
tailrocks/homebrew-parallax	ci.yml	7b1d1fb	workflow_dispatch	main	refs/heads/main	velnor-trusted|velnor-trusted
tailrocks/homebrew-parallax	ci.yml	7b1d1fb	workflow_dispatch	main	refs/heads/main	|velnor-trusted
tailrocks/homebrew-parallax	package-update.yml	53ecfca	schedule	main	refs/heads/main	velnor-trusted|self-hosted,velnor-target-mvp
tailrocks/homebrew-parallax	package-update.yml	53ecfca	schedule	main	refs/heads/main	velnor-trusted|self-hosted,velnor-target-mvp
tailrocks/homebrew-parallax	package-update.yml	4c11664	schedule	main	refs/heads/main	velnor-trusted|self-hosted,velnor-target-mvp
tailrocks/homebrew-parallax	package-update.yml	4c11664	schedule	main	refs/heads/main	velnor-trusted|self-hosted,velnor-target-mvp
tailrocks/homebrew-parallax	package-update.yml	4c11664	schedule	main	refs/heads/main	velnor-trusted|self-hosted,velnor-target-mvp
tailrocks/homebrew-parallax	package-update.yml	4c11664	schedule	main	refs/heads/main	velnor-trusted|self-hosted,velnor-target-mvp
tailrocks/homebrew-parallax	update-preview.yml	7b1d1fb	workflow_dispatch	main	refs/heads/main	velnor-trusted|self-hosted,velnor-target-mvp
tailrocks/homebrew-parallax	update-preview.yml	7b1d1fb	workflow_dispatch	main	refs/heads/main	|self-hosted,velnor-target-mvp
tailrocks/homebrew-parallax	update-preview.yml	7b1d1fb	workflow_dispatch	main	refs/heads/main	|self-hosted,velnor-target-mvp
tailrocks/homebrew-parallax	update-preview.yml	7f912f5	schedule	main	refs/heads/main	velnor-trusted|self-hosted,velnor-target-mvp
tailrocks/homebrew-parallax	update-preview.yml	53ecfca	schedule	main	refs/heads/main	velnor-trusted|self-hosted,velnor-target-mvp
tailrocks/homebrew-parallax	update-preview.yml	53ecfca	schedule	main	refs/heads/main	velnor-trusted|self-hosted,velnor-target-mvp
tailrocks/homebrew-ruxel	ci.yml	468c0a0	workflow_dispatch	main	refs/heads/main	velnor-trusted|velnor-trusted
tailrocks/homebrew-ruxel	ci.yml	468c0a0	workflow_dispatch	main	refs/heads/main	|velnor-trusted
tailrocks/homebrew-ruxel	ci.yml	468c0a0	workflow_dispatch	main	refs/heads/main	velnor-trusted|velnor-trusted
tailrocks/homebrew-ruxel	ci.yml	a9984a6	workflow_dispatch	main	refs/heads/main	velnor-trusted|velnor-trusted
tailrocks/homebrew-ruxel	ci.yml	a9984a6	workflow_dispatch	main	refs/heads/main	|velnor-trusted
tailrocks/homebrew-ruxel	ci.yml	198b045	schedule	main	refs/heads/main	velnor-trusted|velnor-trusted
tailrocks/homebrew-tablerock	ci.yml	0fc2eee	workflow_dispatch	main	refs/heads/main	velnor-trusted|velnor-trusted
tailrocks/homebrew-tablerock	ci.yml	22158e6	workflow_dispatch	main	refs/heads/main	|velnor-trusted
tailrocks/homebrew-tablerock	ci.yml	22158e6	workflow_dispatch	main	refs/heads/main	velnor-trusted|velnor-trusted
tailrocks/homebrew-tablerock	ci.yml	22158e6	workflow_dispatch	main	refs/heads/main	|velnor-trusted
tailrocks/homebrew-tablerock	ci.yml	7521591	workflow_dispatch	ci/canonical-lanes-rerender	other-branch	velnor-trusted|velnor-trusted
tailrocks/homebrew-tablerock	ci.yml	23b0d35	schedule	main	refs/heads/main	velnor-trusted|velnor-trusted
tailrocks/homebrew-tablerock	package-update.yml	0fc2eee	schedule	main	refs/heads/main	velnor-trusted|self-hosted,velnor-target-mvp
tailrocks/homebrew-tablerock	package-update.yml	0fc2eee	schedule	main	refs/heads/main	velnor-trusted|self-hosted,velnor-target-mvp
tailrocks/homebrew-tablerock	package-update.yml	23b0d35	schedule	main	refs/heads/main	velnor-trusted|self-hosted,velnor-target-mvp
tailrocks/homebrew-tablerock	package-update.yml	23b0d35	schedule	main	refs/heads/main	velnor-trusted|self-hosted,velnor-target-mvp
tailrocks/homebrew-tablerock	package-update.yml	23b0d35	schedule	main	refs/heads/main	velnor-trusted|self-hosted,velnor-target-mvp
tailrocks/homebrew-tablerock	package-update.yml	23b0d35	schedule	main	refs/heads/main	velnor-trusted|self-hosted,velnor-target-mvp
tailrocks/homebrew-tablerock	update-preview.yml	0fc2eee	schedule	main	refs/heads/main	velnor-trusted|self-hosted,velnor-target-mvp
tailrocks/homebrew-tablerock	update-preview.yml	0fc2eee	schedule	main	refs/heads/main	velnor-trusted|self-hosted,velnor-target-mvp
tailrocks/homebrew-tablerock	update-preview.yml	0fc2eee	schedule	main	refs/heads/main	velnor-trusted|self-hosted,velnor-target-mvp
tailrocks/homebrew-tablerock	update-preview.yml	0fc2eee	schedule	main	refs/heads/main	velnor-trusted|self-hosted,velnor-target-mvp
tailrocks/homebrew-tablerock	update-preview.yml	0fc2eee	schedule	main	refs/heads/main	velnor-trusted|self-hosted,velnor-target-mvp
tailrocks/homebrew-tablerock	update-preview.yml	0fc2eee	schedule	main	refs/heads/main	velnor-trusted|self-hosted,velnor-target-mvp
tailrocks/parallax	ci.yml	2c5a2c7	workflow_dispatch	main	refs/heads/main	velnor-trusted|velnor-trusted
tailrocks/parallax	ci.yml	2c5a2c7	workflow_dispatch	main	refs/heads/main	|velnor-trusted
tailrocks/parallax	ci.yml	2c5a2c7	workflow_dispatch	main	refs/heads/main	velnor-trusted|velnor-trusted
tailrocks/parallax	ci.yml	f272eef	workflow_dispatch	ci/velnor-default-everywhere	other-branch	|velnor-trusted
tailrocks/parallax	ci.yml	66a3fb4	schedule	main	refs/heads/main	velnor-trusted|velnor-trusted
tailrocks/parallax	ci.yml	2c5a2c7	push	main	refs/heads/main	|velnor-trusted
tailrocks/parallax	dependency-discovery.yml	2c5a2c7	workflow_dispatch	main	refs/heads/main	velnor-trusted|self-hosted,velnor-target-mvp
tailrocks/parallax	dependency-discovery.yml	2c5a2c7	schedule	main	refs/heads/main	velnor-trusted|self-hosted,velnor-target-mvp
tailrocks/parallax	dependency-discovery.yml	66a3fb4	schedule	main	refs/heads/main	velnor-trusted|self-hosted,velnor-target-mvp
tailrocks/parallax	footprint.yml	2c5a2c7	workflow_dispatch	main	refs/heads/main	velnor-trusted|self-hosted,velnor-target-mvp
tailrocks/parallax	footprint.yml	2c5a2c7	workflow_dispatch	main	refs/heads/main	velnor-trusted|self-hosted,velnor-target-mvp
tailrocks/parallax	footprint.yml	e170e4e	push	main	refs/heads/main	velnor-trusted|self-hosted,velnor-target-mvp
tailrocks/parallax	footprint.yml	c6f05d2	push	main	refs/heads/main	velnor-trusted|self-hosted,velnor-target-mvp
tailrocks/parallax	footprint.yml	f272eef	pull_request	ci/velnor-default-everywhere	refs/pull/N/merge	velnor-trusted|self-hosted,velnor-target-mvp
tailrocks/parallax	footprint.yml	9371de5	pull_request	fix/footprint-velnor-lane-calibration	refs/pull/N/merge	velnor-trusted|self-hosted,velnor-target-mvp
tailrocks/parallax	preview.yml	2c5a2c7	workflow_dispatch	main	refs/heads/main	velnor-trusted|self-hosted,velnor-target-mvp
tailrocks/parallax	preview.yml	e170e4e	push	main	refs/heads/main	velnor-trusted|self-hosted,velnor-target-mvp
tailrocks/parallax	preview.yml	66a3fb4	push	main	refs/heads/main	velnor-trusted|self-hosted,velnor-target-mvp
tailrocks/parallax	preview.yml	418ba59	push	main	refs/heads/main	velnor-trusted|self-hosted,velnor-target-mvp
tailrocks/parallax	preview.yml	c6f05d2	push	main	refs/heads/main	velnor-trusted|self-hosted,velnor-target-mvp
tailrocks/parallax	preview.yml	fdab6f8	push	main	refs/heads/main	velnor-trusted|self-hosted,velnor-target-mvp
tailrocks/parallax	scheduled-measurement.yml	2c5a2c7	schedule	main	refs/heads/main	velnor-trusted|self-hosted,velnor-target-mvp
tailrocks/parallax	scheduled-measurement.yml	66a3fb4	schedule	main	refs/heads/main	velnor-trusted|self-hosted,velnor-target-mvp
tailrocks/parallax	scheduled-measurement.yml	66a3fb4	schedule	main	refs/heads/main	velnor-trusted|self-hosted,velnor-target-mvp
tailrocks/parallax	scheduled-measurement.yml	66a3fb4	schedule	main	refs/heads/main	velnor-trusted|self-hosted,velnor-target-mvp
tailrocks/parallax	scheduled-measurement.yml	66a3fb4	schedule	main	refs/heads/main	velnor-trusted|self-hosted,velnor-target-mvp
tailrocks/parallax	scheduled-measurement.yml	66a3fb4	schedule	main	refs/heads/main	velnor-trusted|self-hosted,velnor-target-mvp
tailrocks/parallax	storage-integration.yml	2c5a2c7	schedule	main	refs/heads/main	velnor-trusted|self-hosted,velnor-target-mvp
tailrocks/parallax	storage-integration.yml	66a3fb4	schedule	main	refs/heads/main	velnor-trusted|self-hosted,velnor-target-mvp
tailrocks/parallax	storage-integration.yml	66a3fb4	schedule	main	refs/heads/main	velnor-trusted|self-hosted,velnor-target-mvp
tailrocks/parallax	storage-integration.yml	66a3fb4	schedule	main	refs/heads/main	velnor-trusted|self-hosted,velnor-target-mvp
tailrocks/parallax	storage-integration.yml	66a3fb4	schedule	main	refs/heads/main	velnor-trusted|self-hosted,velnor-target-mvp
tailrocks/parallax	storage-integration.yml	66a3fb4	schedule	main	refs/heads/main	velnor-trusted|self-hosted,velnor-target-mvp
tailrocks/parallax	upgrade-harness.yml	2c5a2c7	workflow_dispatch	main	refs/heads/main	velnor-trusted|self-hosted,velnor-target-mvp
tailrocks/parallax	upgrade-harness.yml	c6f05d2	push	main	refs/heads/main	velnor-trusted|self-hosted,velnor-target-mvp
tailrocks/parallax	upgrade-harness.yml	f272eef	pull_request	ci/velnor-default-everywhere	refs/pull/N/merge	velnor-trusted|self-hosted,velnor-target-mvp
tailrocks/parallax	upgrade-harness.yml	60d7b58	pull_request	ci/velnor-default-everywhere	refs/pull/N/merge	velnor-trusted|self-hosted,velnor-target-mvp
tailrocks/parallax	upgrade-harness.yml	7f40258	pull_request	ci/velnor-default-everywhere	refs/pull/N/merge	velnor-trusted|self-hosted,velnor-target-mvp
tailrocks/parallax-telemetry-playground	ci.yml	8d62a6a	workflow_dispatch	main	refs/heads/main	velnor-trusted|velnor-trusted
tailrocks/parallax-telemetry-playground	ci.yml	8d62a6a	workflow_dispatch	main	refs/heads/main	|velnor-trusted
tailrocks/parallax-telemetry-playground	ci.yml	8d62a6a	workflow_dispatch	main	refs/heads/main	velnor-trusted|velnor-trusted
tailrocks/parallax-telemetry-playground	ci.yml	6e0a0d5	workflow_dispatch	main	refs/heads/main	velnor-trusted|velnor-trusted
tailrocks/parallax-telemetry-playground	ci.yml	0c9da1d	workflow_dispatch	velnor-estate-standard	other-branch	Default|self-hosted,velnor-target-mvp
tailrocks/parallax-telemetry-playground	ci.yml	0c9da1d	workflow_dispatch	velnor-estate-standard	other-branch	Default|self-hosted,velnor-target-mvp
tailrocks/pg-bigdecimal	ci.yml	5c1205c	workflow_dispatch	main	refs/heads/main	velnor-trusted|velnor-trusted
tailrocks/pg-bigdecimal	ci.yml	5c1205c	workflow_dispatch	main	refs/heads/main	velnor-trusted|velnor-trusted
tailrocks/pg-bigdecimal	ci.yml	5c1205c	workflow_dispatch	main	refs/heads/main	|velnor-trusted
tailrocks/pg-bigdecimal	ci.yml	5c1205c	workflow_dispatch	main	refs/heads/main	|velnor-trusted
tailrocks/pg-bigdecimal	ci.yml	f9ac092	workflow_dispatch	velnor-estate-standard	other-branch	|self-hosted,velnor-target-mvp
tailrocks/pg-bigdecimal	ci.yml	0b3da81	workflow_dispatch	velnor-estate-standard	other-branch	Default|self-hosted,velnor-target-mvp
tailrocks/ruxel	ci.yml	b0c74a6	workflow_dispatch	main	refs/heads/main	velnor-trusted|velnor-trusted
tailrocks/ruxel	ci.yml	b0c74a6	workflow_dispatch	main	refs/heads/main	velnor-trusted|velnor-trusted
tailrocks/ruxel	ci.yml	cb5d1e9	workflow_dispatch	main	refs/heads/main	|velnor-trusted
tailrocks/ruxel	ci.yml	cb5d1e9	workflow_dispatch	main	refs/heads/main	velnor-trusted|velnor-trusted
tailrocks/ruxel	ci.yml	b67f816	schedule	main	refs/heads/main	velnor-trusted|velnor-trusted
tailrocks/ruxel	ci.yml	87211e6	schedule	main	refs/heads/main	velnor-trusted|self-hosted,velnor-target-mvp
tailrocks/ruxel	preview.yml	b0c74a6	workflow_dispatch	main	refs/heads/main	velnor-trusted|self-hosted,velnor-target-mvp
tailrocks/ruxel	preview.yml	cb5d1e9	workflow_dispatch	main	refs/heads/main	velnor-trusted|self-hosted,velnor-target-mvp
tailrocks/ruxel	preview.yml	b67f816	push	main	refs/heads/main	velnor-trusted|self-hosted,velnor-target-mvp
tailrocks/ruxel	preview.yml	2026172	push	main	refs/heads/main	velnor-trusted|self-hosted,velnor-target-mvp
tailrocks/ruxel	preview.yml	c893544	push	main	refs/heads/main	velnor-trusted|self-hosted,velnor-target-mvp
tailrocks/ruxel	preview.yml	861d640	push	main	refs/heads/main	velnor-trusted|self-hosted,velnor-target-mvp
tailrocks/schemalane	ci.yml	ffde685	workflow_dispatch	main	refs/heads/main	velnor-trusted|velnor-trusted
tailrocks/schemalane	ci.yml	ffde685	workflow_dispatch	main	refs/heads/main	velnor-trusted|velnor-trusted
tailrocks/schemalane	ci.yml	ffde685	workflow_dispatch	main	refs/heads/main	|velnor-trusted
tailrocks/schemalane	ci.yml	ffde685	workflow_dispatch	main	refs/heads/main	velnor-trusted|velnor-trusted
tailrocks/schemalane	ci.yml	daca696	workflow_dispatch	main	refs/heads/main	velnor-trusted|velnor-trusted
ChainArgos/velnor-actions	ci.yml	4561d3d	workflow_dispatch	main	refs/heads/main	velnor-trusted|self-hosted,velnor-target-mvp
ChainArgos/velnor-actions	owner-fanout-canary.yml	4561d3d	workflow_dispatch	main	refs/heads/main	velnor-trusted|self-hosted,velnor-target-mvp
ChainArgos/velnor-actions	ci.yml	be7b72e	pull_request	generator/platform-lane-timeout	refs/pull/N/merge	velnor-trusted|self-hosted,velnor-target-mvp
jackin-project/velnor-actions	owner-fanout-canary.yml	eeb8a18	workflow_dispatch	main	refs/heads/main	velnor-trusted|self-hosted,velnor-target-mvp
jackin-project/velnor-actions	ci.yml	eeb8a18	workflow_dispatch	main	refs/heads/main	velnor-trusted|self-hosted,velnor-target-mvp
jackin-project/velnor-actions	ci.yml	cd8c053	pull_request	generator/platform-lane-timeout	refs/pull/N/merge	velnor-trusted|self-hosted,velnor-target-mvp
tailrocks/tablerock	ci.yml	a37344a	workflow_dispatch	main	refs/heads/main	velnor-trusted|velnor-trusted
tailrocks/tablerock	ci.yml	a37344a	workflow_dispatch	main	refs/heads/main	velnor-trusted|velnor-trusted
tailrocks/tablerock	preview.yml	a37344a	workflow_dispatch	main	refs/heads/main	velnor-trusted|self-hosted,velnor-target-mvp
tailrocks/tailrocks-skills	validate-public-unmerged.yml	228dfb0	workflow_dispatch	main	refs/heads/main	velnor-trusted|self-hosted,velnor-target-mvp
tailrocks/tailrocks-skills	ci.yml	228dfb0	workflow_dispatch	main	refs/heads/main	velnor-trusted|velnor-trusted
tailrocks/tailrocks-skills	refresh-pins.yml	228dfb0	schedule	main	refs/heads/main	velnor-trusted|self-hosted,velnor-target-mvp
tailrocks/termrock	hygiene.yml	5a56bd7	schedule	main	refs/heads/main	velnor-trusted|self-hosted,velnor-target-mvp
tailrocks/termrock	docs.yml	5a56bd7	schedule	main	refs/heads/main	velnor-trusted|self-hosted,velnor-target-mvp
tailrocks/termrock	hygiene.yml	5a56bd7	workflow_dispatch	main	refs/heads/main	Default|self-hosted,velnor-target-mvp
tailrocks/tracing-request-level	ci.yml	748cd0f	workflow_dispatch	main	refs/heads/main	velnor-trusted|velnor-trusted
tailrocks/tracing-request-level	ci.yml	748cd0f	workflow_dispatch	main	refs/heads/main	|velnor-trusted
tailrocks/tracing-request-level	ci.yml	748cd0f	workflow_dispatch	main	refs/heads/main	velnor-trusted|velnor-trusted
tailrocks/velnor	release.yml	e1d0976	workflow_dispatch	v0.1.179	refs/tags/*	velnor-trusted|self-hosted,velnor-target-mvp
tailrocks/velnor	ci.yml	b152746	pull_request	velnor-estate-standard	refs/pull/N/merge	velnor-trusted|velnor-trusted
tailrocks/velnor	ci.yml	eea87eb	pull_request	velnor-estate-standard	refs/pull/N/merge	velnor-trusted|velnor-trusted
tailrocks/velnor-actions	owner-fanout-canary.yml	84a3d2c	workflow_dispatch	main	refs/heads/main	velnor-trusted|self-hosted,velnor-target-mvp
tailrocks/velnor-actions	ci.yml	84a3d2c	workflow_dispatch	main	refs/heads/main	velnor-trusted|self-hosted,velnor-target-mvp
tailrocks/velnor-actions	ci.yml	42e0302	pull_request	generator/platform-lane-timeout	refs/pull/N/merge	velnor-trusted|self-hosted,velnor-target-mvp
tailrocks/velnor-actions-fixture	control-plane.yml	e7af34d	workflow_dispatch	main	refs/heads/main	velnor-trusted|velnor-target-mvp
tailrocks/velnor-actions-fixture	control-plane.yml	e7af34d	workflow_dispatch	main	refs/heads/main	velnor-trusted|velnor-target-mvp
tailrocks/velnor-actions-fixture	schedule.yml	e7af34d	workflow_dispatch	main	refs/heads/main	velnor-trusted|velnor-target-mvp
tailrocks/velnor-apt	package-update.yml	30068fc	workflow_dispatch	main	refs/heads/main	velnor-trusted|self-hosted,velnor-target-mvp
tailrocks/velnor-apt	renovate.yml	30068fc	workflow_dispatch	main	refs/heads/main	velnor-trusted|self-hosted,velnor-target-mvp
tailrocks/velnor-apt	publish.yml	30068fc	workflow_dispatch	main	refs/heads/main	velnor-trusted|self-hosted,velnor-target-mvp
