repo	default_branch	workflow_file	lanes_dispatch	velnor_actions_reuse	notes
jackin-project/jackin	main	cache-cleanup.yml	9:      lanes:;	none	-
jackin-project/jackin	main	ci.yml	24:      lanes:;	102:    uses: jackin-project/velnor-actions/.github/workflows/ci-native.yml@eeb8a182174f3c97c370ecf3f1e3e4689ae22cfe # 2026.8.31;124:    uses: tailrocks/velnor-actions/.github/workflows/ci-native.yml@84a3d2c5f8f74a3054259ac494581b244bf61ee7 # 2026.8.31;146:    uses: ChainArgos/velnor-actions/.github/workflows/ci-native.yml@4561d3dc3a410980b8a3858d42b88a34c5e757f4 # 2026.8.31;	-
jackin-project/jackin	main	construct-public-unmerged.yml	8:      lanes:;	none	-
jackin-project/jackin	main	construct.yml	8:      lanes:;	none	-
jackin-project/jackin	main	desktop-cadence.yml	20:      lanes:;	none	-
jackin-project/jackin	main	docs-public-unmerged.yml	10:      lanes:;	none	-
jackin-project/jackin	main	docs.yml	11:      lanes:;	none	-
jackin-project/jackin	main	hygiene.yml	11:      lanes:;	none	-
jackin-project/jackin	main	jackin-dev-public-unmerged.yml	18:      lanes:;	none	-
jackin-project/jackin	main	jackin-dev.yml	13:      lanes:;	none	-
jackin-project/jackin	main	preview.yml	11:      lanes:;	none	-
jackin-project/jackin	main	release.yml	21:      lanes:;	775:    uses: jackin-project/velnor-actions/.github/workflows/package-signer.yml@643c5341b160be151a7fae19b89b6a4f8ab3b275 # 2026.8.6;	-
jackin-project/jackin	main	renovate-validate-public-unmerged.yml	26:      lanes:;	none	-
jackin-project/jackin	main	renovate-validate.yml	26:      lanes:;	none	-
jackin-project/jackin	main	renovate.yml	11:      lanes:;	none	-
jackin-project/jackin	main	reuse-compliance-public-unmerged.yml	8:      lanes:;	none	-
jackin-project/jackin	main	reuse-compliance.yml	9:      lanes:;	none	-
jackin-project/jackin	main	rust-nextest.yml	none	none	-
jackin-project/jackin-the-architect	main	ci.yml	24:      lanes:;	102:    uses: jackin-project/velnor-actions/.github/workflows/ci-code.yml@6669eac8693ec14957d2f55ae3b67756d1184e77 # 2026.8.30;124:    uses: tailrocks/velnor-actions/.github/workflows/ci-code.yml@77d323dcfdb176b332edc24bfc92cb625b3ab4c8 # 2026.8.30;146:    uses: ChainArgos/velnor-actions/.github/workflows/ci-code.yml@36d568abb89b4f53aa828fe1740fbb3411ffcb87 # 2026.8.30;	-
jackin-project/jackin-the-architect	main	gitleaks-history.yml	11:      lanes:;	none	-
jackin-project/jackin-the-architect	main	jackin-toolchain.yml	11:      lanes:;	none	-
jackin-project/jackin-the-architect	main	precommit-public-unmerged.yml	11:      lanes:;	none	-
jackin-project/jackin-the-architect	main	precommit.yml	11:      lanes:;	none	-
jackin-project/jackin-the-architect	main	publish-image.yml	none	none	-
jackin-project/jackin-the-architect	main	renovate.yml	13:      lanes:;	none	-
jackin-project/jackin-the-architect	main	reuse-compliance-public-unmerged.yml	8:      lanes:;	none	-
jackin-project/jackin-the-architect	main	reuse-compliance.yml	9:      lanes:;	none	-
jackin-project/jackin-role-action	main	ci.yml	24:      lanes:;	102:    uses: jackin-project/velnor-actions/.github/workflows/ci-code.yml@9973a35600ab2be3bd3f0ddad2c03f79b4db53f8 # 2026.8.31;124:    uses: tailrocks/velnor-actions/.github/workflows/ci-code.yml@87b3c3178c6e72ba35d3726be9c598aecc2acbdc # 2026.8.31;146:    uses: ChainArgos/velnor-actions/.github/workflows/ci-code.yml@5577f6bade5f88c576988350a1671206698b3213 # 2026.8.31;	-
jackin-project/jackin-role-action	main	publish.yml	none	none	-
jackin-project/jackin-role-action	main	renovate.yml	13:      lanes:;	none	-
jackin-project/jackin-role-action	main	reuse-compliance-public-unmerged.yml	8:      lanes:;	none	-
jackin-project/jackin-role-action	main	reuse-compliance.yml	9:      lanes:;	none	-
jackin-project/jackin-agent-smith	main	ci.yml	24:      lanes:;	102:    uses: jackin-project/velnor-actions/.github/workflows/ci-code.yml@6669eac8693ec14957d2f55ae3b67756d1184e77 # 2026.8.30;124:    uses: tailrocks/velnor-actions/.github/workflows/ci-code.yml@77d323dcfdb176b332edc24bfc92cb625b3ab4c8 # 2026.8.30;146:    uses: ChainArgos/velnor-actions/.github/workflows/ci-code.yml@36d568abb89b4f53aa828fe1740fbb3411ffcb87 # 2026.8.30;	-
jackin-project/jackin-agent-smith	main	gitleaks-history.yml	11:      lanes:;	none	-
jackin-project/jackin-agent-smith	main	precommit-public-unmerged.yml	11:      lanes:;	none	-
jackin-project/jackin-agent-smith	main	precommit.yml	11:      lanes:;	none	-
jackin-project/jackin-agent-smith	main	publish-image.yml	20:      lanes:;	none	-
jackin-project/jackin-agent-smith	main	renovate.yml	13:      lanes:;	none	-
jackin-project/jackin-agent-smith	main	reuse-compliance-public-unmerged.yml	8:      lanes:;	none	-
jackin-project/jackin-agent-smith	main	reuse-compliance.yml	9:      lanes:;	none	-
jackin-project/jackin-sentinel	main	ci.yml	24:      lanes:;	103:    uses: jackin-project/velnor-actions/.github/workflows/ci-code.yml@6669eac8693ec14957d2f55ae3b67756d1184e77 # 2026.8.30;125:    uses: tailrocks/velnor-actions/.github/workflows/ci-code.yml@77d323dcfdb176b332edc24bfc92cb625b3ab4c8 # 2026.8.30;147:    uses: ChainArgos/velnor-actions/.github/workflows/ci-code.yml@36d568abb89b4f53aa828fe1740fbb3411ffcb87 # 2026.8.30;	-
jackin-project/jackin-sentinel	main	gitleaks-history.yml	11:      lanes:;	none	-
jackin-project/jackin-sentinel	main	precommit-public-unmerged.yml	11:      lanes:;	none	-
jackin-project/jackin-sentinel	main	precommit.yml	11:      lanes:;	none	-
jackin-project/jackin-sentinel	main	publish-image.yml	20:      lanes:;	none	-
jackin-project/jackin-sentinel	main	renovate.yml	13:      lanes:;	none	-
jackin-project/jackin-sentinel	main	reuse-compliance-public-unmerged.yml	8:      lanes:;	none	-
jackin-project/jackin-sentinel	main	reuse-compliance.yml	9:      lanes:;	none	-
jackin-project/jackin-dev	main	ci.yml	24:      lanes:;	102:    uses: jackin-project/velnor-actions/.github/workflows/ci-code.yml@6669eac8693ec14957d2f55ae3b67756d1184e77 # 2026.8.30;124:    uses: tailrocks/velnor-actions/.github/workflows/ci-code.yml@77d323dcfdb176b332edc24bfc92cb625b3ab4c8 # 2026.8.30;146:    uses: ChainArgos/velnor-actions/.github/workflows/ci-code.yml@36d568abb89b4f53aa828fe1740fbb3411ffcb87 # 2026.8.30;	-
jackin-project/jackin-dev	main	reuse-compliance-public-unmerged.yml	8:      lanes:;	none	-
jackin-project/jackin-dev	main	reuse-compliance.yml	9:      lanes:;	none	-
tailrocks/termrock	main	ci.yml	24:      lanes:;	102:    uses: jackin-project/velnor-actions/.github/workflows/ci-code.yml@9973a35600ab2be3bd3f0ddad2c03f79b4db53f8 # 2026.8.31;124:    uses: tailrocks/velnor-actions/.github/workflows/ci-code.yml@87b3c3178c6e72ba35d3726be9c598aecc2acbdc # 2026.8.31;146:    uses: ChainArgos/velnor-actions/.github/workflows/ci-code.yml@5577f6bade5f88c576988350a1671206698b3213 # 2026.8.31;	-
tailrocks/termrock	main	docs.yml	10:      lanes:;	none	-
tailrocks/termrock	main	hygiene.yml	8:      lanes:;	none	-
tailrocks/termrock	main	release.yml	9:      lanes:;	none	-
tailrocks/holla	main	ci.yml	24:      lanes:;	102:    uses: jackin-project/velnor-actions/.github/workflows/ci-code.yml@9973a35600ab2be3bd3f0ddad2c03f79b4db53f8 # 2026.8.31;124:    uses: tailrocks/velnor-actions/.github/workflows/ci-code.yml@87b3c3178c6e72ba35d3726be9c598aecc2acbdc # 2026.8.31;146:    uses: ChainArgos/velnor-actions/.github/workflows/ci-code.yml@5577f6bade5f88c576988350a1671206698b3213 # 2026.8.31;	-
tailrocks/holla	main	preview.yml	8:      lanes:;	none	-
tailrocks/holla	main	release-deb.yml	27:      lanes:;	234:    uses: tailrocks/velnor-actions/.github/workflows/package-signer.yml@77d323dcfdb176b332edc24bfc92cb625b3ab4c8 # 2026.8.30;243:    uses: tailrocks/velnor-actions/.github/workflows/package-signer.yml@77d323dcfdb176b332edc24bfc92cb625b3ab4c8 # 2026.8.30;252:    uses: tailrocks/velnor-actions/.github/workflows/package-signer.yml@77d323dcfdb176b332edc24bfc92cb625b3ab4c8 # 2026.8.30;	-
tailrocks/holla	main	release.yml	9:      lanes:;	none	-
tailrocks/holla	main	renovate.yml	12:      lanes:;47:        # /tmp on both lanes: /github/workspace is uncreatable inside the;	none	-
tailrocks/tablerock	main	ci.yml	24:      lanes:;	102:    uses: jackin-project/velnor-actions/.github/workflows/ci-code.yml@9973a35600ab2be3bd3f0ddad2c03f79b4db53f8 # 2026.8.31;124:    uses: tailrocks/velnor-actions/.github/workflows/ci-code.yml@87b3c3178c6e72ba35d3726be9c598aecc2acbdc # 2026.8.31;146:    uses: ChainArgos/velnor-actions/.github/workflows/ci-code.yml@5577f6bade5f88c576988350a1671206698b3213 # 2026.8.31;	-
tailrocks/tablerock	main	native-nightly.yml	none	none	-
tailrocks/tablerock	main	native-release.yml	none	none	-
tailrocks/tablerock	main	native.yml	none	none	-
tailrocks/tablerock	main	package-release.yml	none	239:    uses: tailrocks/velnor-actions/.github/workflows/package-signer.yml@1e062d5bbe329873047ee8a8e79bba0811e53b65 # 2026.8.8;248:    uses: tailrocks/velnor-actions/.github/workflows/package-signer.yml@1e062d5bbe329873047ee8a8e79bba0811e53b65 # 2026.8.8;	-
tailrocks/tablerock	main	preview.yml	8:      lanes:;	none	-
tailrocks/velnor	main	ci.yml	24:      lanes:;	102:    uses: jackin-project/velnor-actions/.github/workflows/ci-code.yml@6669eac8693ec14957d2f55ae3b67756d1184e77 # 2026.8.30;124:    uses: tailrocks/velnor-actions/.github/workflows/ci-code.yml@77d323dcfdb176b332edc24bfc92cb625b3ab4c8 # 2026.8.30;146:    uses: ChainArgos/velnor-actions/.github/workflows/ci-code.yml@36d568abb89b4f53aa828fe1740fbb3411ffcb87 # 2026.8.30;	-
tailrocks/velnor	main	release.yml	24:      lanes:;	615:    uses: tailrocks/velnor-actions/.github/workflows/package-signer.yml@77d323dcfdb176b332edc24bfc92cb625b3ab4c8 # 2026.8.30;627:    uses: tailrocks/velnor-actions/.github/workflows/package-signer.yml@77d323dcfdb176b332edc24bfc92cb625b3ab4c8 # 2026.8.30;639:    uses: tailrocks/velnor-actions/.github/workflows/package-signer.yml@77d323dcfdb176b332edc24bfc92cb625b3ab4c8 # 2026.8.30;	-
tailrocks/velnor	main	renovate.yml	15:      lanes:;	none	-
tailrocks/ruxel	main	ci.yml	24:      lanes:;	102:    uses: jackin-project/velnor-actions/.github/workflows/ci-code.yml@9973a35600ab2be3bd3f0ddad2c03f79b4db53f8 # 2026.8.31;124:    uses: tailrocks/velnor-actions/.github/workflows/ci-code.yml@87b3c3178c6e72ba35d3726be9c598aecc2acbdc # 2026.8.31;146:    uses: ChainArgos/velnor-actions/.github/workflows/ci-code.yml@5577f6bade5f88c576988350a1671206698b3213 # 2026.8.31;	-
tailrocks/ruxel	main	preview.yml	8:      lanes:;	none	-
tailrocks/ruxel	main	release.yml	8:      lanes:;	none	-
tailrocks/parallax	main	ci.yml	24:      lanes:;	102:    uses: jackin-project/velnor-actions/.github/workflows/ci-code.yml@9973a35600ab2be3bd3f0ddad2c03f79b4db53f8 # 2026.8.31;124:    uses: tailrocks/velnor-actions/.github/workflows/ci-code.yml@87b3c3178c6e72ba35d3726be9c598aecc2acbdc # 2026.8.31;146:    uses: ChainArgos/velnor-actions/.github/workflows/ci-code.yml@5577f6bade5f88c576988350a1671206698b3213 # 2026.8.31;	-
tailrocks/parallax	main	dependency-discovery.yml	8:      lanes:;	none	-
tailrocks/parallax	main	footprint.yml	24:      lanes:;	none	-
tailrocks/parallax	main	mcp-evals.yml	none	none	-
tailrocks/parallax	main	preview.yml	8:      lanes:;	none	-
tailrocks/parallax	main	release.yml	9:      lanes:;	141:    uses: tailrocks/velnor-actions/.github/workflows/ci-code.yml@87b3c3178c6e72ba35d3726be9c598aecc2acbdc # 2026.8.31;345:    uses: tailrocks/velnor-actions/.github/workflows/package-signer.yml@643c5341b160be151a7fae19b89b6a4f8ab3b275 # 2026.8.6;357:    uses: tailrocks/velnor-actions/.github/workflows/package-signer.yml@643c5341b160be151a7fae19b89b6a4f8ab3b275 # 2026.8.6;	-
tailrocks/parallax	main	scheduled-measurement.yml	13:      lanes:;	none	-
tailrocks/parallax	main	storage-integration.yml	8:      lanes:;	none	-
tailrocks/parallax	main	upgrade-harness.yml	23:      lanes:;	none	-
tailrocks/tailrocks-skills	main	ci.yml	24:      lanes:;	102:    uses: jackin-project/velnor-actions/.github/workflows/ci-code.yml@9973a35600ab2be3bd3f0ddad2c03f79b4db53f8 # 2026.8.31;124:    uses: tailrocks/velnor-actions/.github/workflows/ci-code.yml@87b3c3178c6e72ba35d3726be9c598aecc2acbdc # 2026.8.31;146:    uses: ChainArgos/velnor-actions/.github/workflows/ci-code.yml@5577f6bade5f88c576988350a1671206698b3213 # 2026.8.31;	-
tailrocks/tailrocks-skills	main	docs.yml	10:      lanes:;	none	-
tailrocks/tailrocks-skills	main	refresh-pins.yml	7:      lanes:;	none	-
tailrocks/tailrocks-skills	main	validate-public-unmerged.yml	8:      lanes:;	none	-
tailrocks/tailrocks-skills	main	validate.yml	9:      lanes:;	none	-
tailrocks/tracing-request-level	main	ci.yml	24:      lanes:;	102:    uses: jackin-project/velnor-actions/.github/workflows/ci-code.yml@9973a35600ab2be3bd3f0ddad2c03f79b4db53f8 # 2026.8.31;124:    uses: tailrocks/velnor-actions/.github/workflows/ci-code.yml@87b3c3178c6e72ba35d3726be9c598aecc2acbdc # 2026.8.31;146:    uses: ChainArgos/velnor-actions/.github/workflows/ci-code.yml@5577f6bade5f88c576988350a1671206698b3213 # 2026.8.31;	-
tailrocks/tracing-request-level	main	release.yml	6:      lanes:;	none	-
tailrocks/pg-bigdecimal	main	ci.yml	24:      lanes:;	102:    uses: jackin-project/velnor-actions/.github/workflows/ci-code.yml@9973a35600ab2be3bd3f0ddad2c03f79b4db53f8 # 2026.8.31;124:    uses: tailrocks/velnor-actions/.github/workflows/ci-code.yml@87b3c3178c6e72ba35d3726be9c598aecc2acbdc # 2026.8.31;146:    uses: ChainArgos/velnor-actions/.github/workflows/ci-code.yml@5577f6bade5f88c576988350a1671206698b3213 # 2026.8.31;	-
tailrocks/pg-bigdecimal	main	release.yml	6:      lanes:;	none	-
tailrocks/parallax-telemetry-playground	main	ci.yml	24:      lanes:;	102:    uses: jackin-project/velnor-actions/.github/workflows/ci-code.yml@9973a35600ab2be3bd3f0ddad2c03f79b4db53f8 # 2026.8.31;124:    uses: tailrocks/velnor-actions/.github/workflows/ci-code.yml@87b3c3178c6e72ba35d3726be9c598aecc2acbdc # 2026.8.31;146:    uses: ChainArgos/velnor-actions/.github/workflows/ci-code.yml@5577f6bade5f88c576988350a1671206698b3213 # 2026.8.31;	-
tailrocks/schemalane	main	ci.yml	24:      lanes:;	102:    uses: jackin-project/velnor-actions/.github/workflows/ci-code.yml@9973a35600ab2be3bd3f0ddad2c03f79b4db53f8 # 2026.8.31;124:    uses: tailrocks/velnor-actions/.github/workflows/ci-code.yml@87b3c3178c6e72ba35d3726be9c598aecc2acbdc # 2026.8.31;146:    uses: ChainArgos/velnor-actions/.github/workflows/ci-code.yml@5577f6bade5f88c576988350a1671206698b3213 # 2026.8.31;	-
tailrocks/schemalane	main	release.yml	6:      lanes:;	none	-
ChainArgos/java-monorepo	main	ansible.yml	18:      lanes:;	none	-
ChainArgos/java-monorepo	main	ci.yml	24:      lanes:;	102:    uses: jackin-project/velnor-actions/.github/workflows/ci-code.yml@6669eac8693ec14957d2f55ae3b67756d1184e77 # 2026.8.30;124:    uses: tailrocks/velnor-actions/.github/workflows/ci-code.yml@77d323dcfdb176b332edc24bfc92cb625b3ab4c8 # 2026.8.30;146:    uses: ChainArgos/velnor-actions/.github/workflows/ci-code.yml@36d568abb89b4f53aa828fe1740fbb3411ffcb87 # 2026.8.30;	-
ChainArgos/java-monorepo	main	kestra-build-publish.yml	18:      lanes:;	none	-
ChainArgos/java-monorepo	main	renovate.yml	17:      lanes:;	none	-
ChainArgos/java-monorepo	main	rust-docker.yml	37:      lanes:;	none	-
ChainArgos/jackin-agent-brown	main	ci.yml	24:      lanes:;	102:    uses: jackin-project/velnor-actions/.github/workflows/ci-code.yml@6669eac8693ec14957d2f55ae3b67756d1184e77 # 2026.8.30;124:    uses: tailrocks/velnor-actions/.github/workflows/ci-code.yml@77d323dcfdb176b332edc24bfc92cb625b3ab4c8 # 2026.8.30;146:    uses: ChainArgos/velnor-actions/.github/workflows/ci-code.yml@36d568abb89b4f53aa828fe1740fbb3411ffcb87 # 2026.8.30;	-
ChainArgos/jackin-agent-brown	main	gitleaks-history.yml	11:      lanes:;	none	-
ChainArgos/jackin-agent-brown	main	precommit.yml	13:      lanes:;	none	-
ChainArgos/jackin-agent-brown	main	publish-image.yml	22:      lanes:;	none	-
ChainArgos/jackin-agent-brown	main	renovate.yml	15:      lanes:;	none	-
ChainArgos/blockchain-nodes	main	ci.yml	24:      lanes:;	102:    uses: jackin-project/velnor-actions/.github/workflows/ci-code.yml@eeb8a182174f3c97c370ecf3f1e3e4689ae22cfe # 2026.8.31;124:    uses: tailrocks/velnor-actions/.github/workflows/ci-code.yml@84a3d2c5f8f74a3054259ac494581b244bf61ee7 # 2026.8.31;146:    uses: ChainArgos/velnor-actions/.github/workflows/ci-code.yml@4561d3dc3a410980b8a3858d42b88a34c5e757f4 # 2026.8.31;	-
ChainArgos/blockchain-nodes	main	dco.yml	7:      lanes:;	none	-
ChainArgos/blockchain-nodes	main	renovate.yml	11:      lanes:;	none	-
jackin-project/homebrew-tap	main	cask-validation.yml	17:      lanes:;	none	-
jackin-project/homebrew-tap	main	ci.yml	24:      lanes:;	102:    uses: jackin-project/velnor-actions/.github/workflows/ci-tap.yml@052224913aa7c1b6750b8ed34131ae590dd961b1 # 2026.8.28;124:    uses: tailrocks/velnor-actions/.github/workflows/ci-tap.yml@43fc50c6940beac5a14de96f7e7d7ef3fcac568f # 2026.8.28;146:    uses: ChainArgos/velnor-actions/.github/workflows/ci-tap.yml@034bb3dfca10f405c1f6b89707aa7bc616b7d4db # 2026.8.28;	-
jackin-project/homebrew-tap	main	package-update.yml	9:      lanes:;	31:    uses: jackin-project/velnor-actions/.github/workflows/package-updater.yml@6669eac8693ec14957d2f55ae3b67756d1184e77 # 2026.8.30;51:    uses: tailrocks/velnor-actions/.github/workflows/package-updater.yml@77d323dcfdb176b332edc24bfc92cb625b3ab4c8 # 2026.8.30;71:    uses: ChainArgos/velnor-actions/.github/workflows/package-updater.yml@36d568abb89b4f53aa828fe1740fbb3411ffcb87 # 2026.8.30;	-
jackin-project/homebrew-tap	main	reuse-compliance-public-unmerged.yml	8:      lanes:;	none	-
jackin-project/homebrew-tap	main	reuse-compliance.yml	9:      lanes:;	none	-
tailrocks/homebrew-holla	main	ci.yml	24:      lanes:;	102:    uses: jackin-project/velnor-actions/.github/workflows/ci-tap.yml@6669eac8693ec14957d2f55ae3b67756d1184e77 # 2026.8.30;124:    uses: tailrocks/velnor-actions/.github/workflows/ci-tap.yml@77d323dcfdb176b332edc24bfc92cb625b3ab4c8 # 2026.8.30;146:    uses: ChainArgos/velnor-actions/.github/workflows/ci-tap.yml@36d568abb89b4f53aa828fe1740fbb3411ffcb87 # 2026.8.30;	-
tailrocks/homebrew-holla	main	package-update.yml	9:      lanes:;	31:    uses: jackin-project/velnor-actions/.github/workflows/package-updater.yml@6669eac8693ec14957d2f55ae3b67756d1184e77 # 2026.8.30;51:    uses: tailrocks/velnor-actions/.github/workflows/package-updater.yml@77d323dcfdb176b332edc24bfc92cb625b3ab4c8 # 2026.8.30;71:    uses: ChainArgos/velnor-actions/.github/workflows/package-updater.yml@36d568abb89b4f53aa828fe1740fbb3411ffcb87 # 2026.8.30;	-
tailrocks/homebrew-holla	main	renovate.yml	10:      lanes:;	none	-
tailrocks/homebrew-holla	main	update-preview.yml	8:      lanes:;	none	-
tailrocks/homebrew-ruxel	main	ci.yml	24:      lanes:;	102:    uses: jackin-project/velnor-actions/.github/workflows/ci-tap.yml@6669eac8693ec14957d2f55ae3b67756d1184e77 # 2026.8.30;124:    uses: tailrocks/velnor-actions/.github/workflows/ci-tap.yml@77d323dcfdb176b332edc24bfc92cb625b3ab4c8 # 2026.8.30;146:    uses: ChainArgos/velnor-actions/.github/workflows/ci-tap.yml@36d568abb89b4f53aa828fe1740fbb3411ffcb87 # 2026.8.30;	-
tailrocks/homebrew-tablerock	main	ci.yml	24:      lanes:;	102:    uses: jackin-project/velnor-actions/.github/workflows/ci-tap.yml@6669eac8693ec14957d2f55ae3b67756d1184e77 # 2026.8.30;124:    uses: tailrocks/velnor-actions/.github/workflows/ci-tap.yml@77d323dcfdb176b332edc24bfc92cb625b3ab4c8 # 2026.8.30;146:    uses: ChainArgos/velnor-actions/.github/workflows/ci-tap.yml@36d568abb89b4f53aa828fe1740fbb3411ffcb87 # 2026.8.30;	-
tailrocks/homebrew-tablerock	main	package-update.yml	9:      lanes:;	31:    uses: jackin-project/velnor-actions/.github/workflows/package-updater.yml@6669eac8693ec14957d2f55ae3b67756d1184e77 # 2026.8.30;51:    uses: tailrocks/velnor-actions/.github/workflows/package-updater.yml@77d323dcfdb176b332edc24bfc92cb625b3ab4c8 # 2026.8.30;71:    uses: ChainArgos/velnor-actions/.github/workflows/package-updater.yml@36d568abb89b4f53aa828fe1740fbb3411ffcb87 # 2026.8.30;	-
tailrocks/homebrew-tablerock	main	update-preview.yml	8:      lanes:;	none	-
tailrocks/homebrew-parallax	main	ci.yml	24:      lanes:;	102:    uses: jackin-project/velnor-actions/.github/workflows/ci-tap.yml@6669eac8693ec14957d2f55ae3b67756d1184e77 # 2026.8.30;124:    uses: tailrocks/velnor-actions/.github/workflows/ci-tap.yml@77d323dcfdb176b332edc24bfc92cb625b3ab4c8 # 2026.8.30;146:    uses: ChainArgos/velnor-actions/.github/workflows/ci-tap.yml@36d568abb89b4f53aa828fe1740fbb3411ffcb87 # 2026.8.30;	-
tailrocks/homebrew-parallax	main	package-update.yml	9:      lanes:;	31:    uses: jackin-project/velnor-actions/.github/workflows/package-updater.yml@6669eac8693ec14957d2f55ae3b67756d1184e77 # 2026.8.30;51:    uses: tailrocks/velnor-actions/.github/workflows/package-updater.yml@77d323dcfdb176b332edc24bfc92cb625b3ab4c8 # 2026.8.30;71:    uses: ChainArgos/velnor-actions/.github/workflows/package-updater.yml@36d568abb89b4f53aa828fe1740fbb3411ffcb87 # 2026.8.30;	-
tailrocks/homebrew-parallax	main	update-preview.yml	8:      lanes:;	none	-
tailrocks/velnor-apt	main	ci.yml	24:      lanes:;	102:    uses: jackin-project/velnor-actions/.github/workflows/ci-apt.yml@6669eac8693ec14957d2f55ae3b67756d1184e77 # 2026.8.30;124:    uses: tailrocks/velnor-actions/.github/workflows/ci-apt.yml@77d323dcfdb176b332edc24bfc92cb625b3ab4c8 # 2026.8.30;146:    uses: ChainArgos/velnor-actions/.github/workflows/ci-apt.yml@36d568abb89b4f53aa828fe1740fbb3411ffcb87 # 2026.8.30;	-
tailrocks/velnor-apt	main	package-update.yml	9:      lanes:;	31:    uses: jackin-project/velnor-actions/.github/workflows/package-updater.yml@6669eac8693ec14957d2f55ae3b67756d1184e77 # 2026.8.30;51:    uses: tailrocks/velnor-actions/.github/workflows/package-updater.yml@77d323dcfdb176b332edc24bfc92cb625b3ab4c8 # 2026.8.30;71:    uses: ChainArgos/velnor-actions/.github/workflows/package-updater.yml@36d568abb89b4f53aa828fe1740fbb3411ffcb87 # 2026.8.30;	-
tailrocks/velnor-apt	main	publish.yml	9:      lanes:;	none	-
tailrocks/velnor-apt	main	renovate.yml	11:      lanes:;	none	-
tailrocks/holla-apt	main	ci.yml	24:      lanes:;	102:    uses: jackin-project/velnor-actions/.github/workflows/ci-apt.yml@6669eac8693ec14957d2f55ae3b67756d1184e77 # 2026.8.30;124:    uses: tailrocks/velnor-actions/.github/workflows/ci-apt.yml@77d323dcfdb176b332edc24bfc92cb625b3ab4c8 # 2026.8.30;146:    uses: ChainArgos/velnor-actions/.github/workflows/ci-apt.yml@36d568abb89b4f53aa828fe1740fbb3411ffcb87 # 2026.8.30;	-
tailrocks/holla-apt	main	package-update.yml	9:      lanes:;	31:    uses: jackin-project/velnor-actions/.github/workflows/package-updater.yml@6669eac8693ec14957d2f55ae3b67756d1184e77 # 2026.8.30;51:    uses: tailrocks/velnor-actions/.github/workflows/package-updater.yml@77d323dcfdb176b332edc24bfc92cb625b3ab4c8 # 2026.8.30;71:    uses: ChainArgos/velnor-actions/.github/workflows/package-updater.yml@36d568abb89b4f53aa828fe1740fbb3411ffcb87 # 2026.8.30;	-
tailrocks/holla-apt	main	publish.yml	13:      lanes:;	none	-
tailrocks/holla-apt	main	renovate.yml	11:      lanes:;	none	-
tailrocks/velnor-actions-fixture	main	attestation-negative.yml	11:      lanes:;	none	-
tailrocks/velnor-actions-fixture	main	ci.yml	none	106:    uses: jackin-project/velnor-actions/.github/workflows/ci-fixture.yml@6669eac8693ec14957d2f55ae3b67756d1184e77 # 2026.8.30;128:    uses: tailrocks/velnor-actions/.github/workflows/ci-fixture.yml@77d323dcfdb176b332edc24bfc92cb625b3ab4c8 # 2026.8.30;150:    uses: ChainArgos/velnor-actions/.github/workflows/ci-fixture.yml@36d568abb89b4f53aa828fe1740fbb3411ffcb87 # 2026.8.30;	-
tailrocks/velnor-actions-fixture	main	compat-public-unmerged.yml	none	none	-
tailrocks/velnor-actions-fixture	main	compat.yml	10:      lanes:;11:        description: "Runner lanes: velnor (default), github, or both.";	none	-
tailrocks/velnor-actions-fixture	main	control-plane.yml	34:      lanes:;35:        description: "Runner lanes: velnor (default), github, or both.";	none	-
tailrocks/velnor-actions-fixture	main	docker.yml	6:      lanes:;	none	-
tailrocks/velnor-actions-fixture	main	fixture-rust-check.yml	none	none	-
tailrocks/velnor-actions-fixture	main	l2-negative.yml	6:      lanes:;	none	-
tailrocks/velnor-actions-fixture	main	l2-provenance.yml	6:      lanes:;	none	-
tailrocks/velnor-actions-fixture	main	l2-runtime.yml	6:      lanes:;	none	-
tailrocks/velnor-actions-fixture	main	multi-arch.yml	6:      lanes:;	none	-
tailrocks/velnor-actions-fixture	main	pages.yml	6:      lanes:;	none	-
tailrocks/velnor-actions-fixture	main	renovate.yml	6:      lanes:;	none	-
tailrocks/velnor-actions-fixture	main	reuse-caller.yml	6:      lanes:;	none	-
tailrocks/velnor-actions-fixture	main	schedule.yml	8:      lanes:;	none	-
